tour,year,season,event_name,event_id,player_name,dg_id,fin_text,round_num,course_name,course_num,round_score,sg_putt,sg_arg,sg_app,sg_ott,sg_t2g,sg_total,driving_dist,driving_acc,gir,scrambling,prox_rgh,prox_fw
pga,2021,2021,Farmers Insurance Open,4,"Reed, Patrick",14838,1,1,Torrey Pines GC (North),104,64,,,,,,5.449,,,,,,
pga,2021,2021,Farmers Insurance Open,4,"Reed, Patrick",14838,1,2,Torrey Pines GC (South),4,72,1.155,0.807,1.079,-0.279,1.608,2.763,279.6,0.571,0.444,0.545,66.165,26.694
pga,2021,2021,Farmers Insurance Open,4,"Reed, Patrick",14838,1,3,Torrey Pines GC (South),4,70,-0.015,2.336,0.383,0.866,3.585,3.57,292.7,0.714,0.611,0.667,27.526,31.246
pga,2021,2021,Farmers Insurance Open,4,"Reed, Patrick",14838,1,4,Torrey Pines GC (South),4,68,3.318,0.78,-0.725,0.538,0.593,3.911,287.5,0.714,0.611,0.857,65.671,28.248
pga,2021,2021,Farmers Insurance Open,4,"Palmer, Ryan",7820,T2,1,Torrey Pines GC (South),4,66,2.906,0.354,3.119,0.788,4.261,7.167,301.3,0.786,0.833,1.0,48.613,27.103
pga,2021,2021,Farmers Insurance Open,4,"Palmer, Ryan",7820,T2,2,Torrey Pines GC (North),104,70,,,,,,0.84,,,,,,
pga,2021,2021,Farmers Insurance Open,4,"Palmer, Ryan",7820,T2,3,Torrey Pines GC (South),4,73,1.891,-0.955,-0.399,0.033,-1.321,0.57,292.3,0.643,0.611,0.636,46.807,36.178
pga,2021,2021,Farmers Insurance Open,4,"Palmer, Ryan",7820,T2,4,Torrey Pines GC (South),4,70,3.028,-1.113,-0.314,0.31,-1.117,1.911,296.3,0.571,0.722,0.667,45.661,29.379
pga,2021,2021,Farmers Insurance Open,4,"Norlander, Henrik",11657,T2,1,Torrey Pines GC (South),4,73,-4.219,0.377,2.896,1.113,4.386,0.167,290.5,0.714,0.889,0.5,26.61,28.041
pga,2021,2021,Farmers Insurance Open,4,"Norlander, Henrik",11657,T2,2,Torrey Pines GC (North),104,69,,,,,,1.84,,,,,,
pga,2021,2021,Farmers Insurance Open,4,"Norlander, Henrik",11657,T2,3,Torrey Pines GC (South),4,68,2.091,1.507,0.943,1.029,3.479,5.57,286.9,0.857,0.778,0.8,51.192,29.845
pga,2021,2021,Farmers Insurance Open,4,"Norlander, Henrik",11657,T2,4,Torrey Pines GC (South),4,69,1.259,1.162,-0.661,1.151,1.652,2.911,291.5,0.857,0.667,0.667,56.185,28.359
pga,2021,2021,Farmers Insurance Open,4,"Finau, Tony",11676,T2,1,Torrey Pines GC (South),4,69,0.7,0.693,2.585,0.189,3.467,4.167,292.6,0.5,0.667,0.667,24.052,24.864
pga,2021,2021,Farmers Insurance Open,4,"Finau, Tony",11676,T2,2,Torrey Pines GC (North),104,67,,,,,,3.84,,,,,,
pga,2021,2021,Farmers Insurance Open,4,"Finau, Tony",11676,T2,3,Torrey Pines GC (South),4,74,0.286,0.175,-0.784,-0.107,-0.716,-0.43,296.5,0.357,0.667,0.625,54.184,38.813
pga,2021,2021,Farmers Insurance Open,4,"Finau, Tony",11676,T2,4,Torrey Pines GC (South),4,69,0.106,1.548,1.241,0.016,2.805,2.911,298.7,0.643,0.778,0.875,33.663,27.344
pga,2021,2021,Farmers Insurance Open,4,"Hovland, Viktor",18841,T2,1,Torrey Pines GC (North),104,70,,,,,,-0.551,,,,,,
pga,2021,2021,Farmers Insurance Open,4,"Hovland, Viktor",18841,T2,2,Torrey Pines GC (South),4,65,3.558,0.272,4.703,1.229,6.205,9.763,295.7,0.786,0.889,0.833,8.586,25.85
pga,2021,2021,Farmers Insurance Open,4,"Hovland, Viktor",18841,T2,3,Torrey Pines GC (South),4,73,0.326,-0.58,0.099,0.725,0.244,0.57,295.6,0.643,0.667,0.375,59.338,27.905
pga,2021,2021,Farmers Insurance Open,4,"Hovland, Viktor",18841,T2,4,Torrey Pines GC (South),4,71,0.179,0.174,0.574,-0.016,0.732,0.911,295.8,0.643,0.778,1.0,32.449,29.842
pga,2021,2021,Farmers Insurance Open,4,"Schauffele, Xander",19895,T2,1,Torrey Pines GC (North),104,70,,,,,,-0.551,,,,,,
pga,2021,2021,Farmers Insurance Open,4,"Schauffele, Xander",19895,T2,2,Torrey Pines GC (South),4,72,0.569,0.085,1.911,0.197,2.194,2.763,287.9,0.643,0.556,0.556,59.701,31.155
pga,2021,2021,Farmers Insurance Open,4,"Schauffele, Xander",19895,T2,3,Torrey Pines GC (South),4,68,2.263,-0.309,2.422,1.194,3.307,5.57,298.5,0.643,0.778,1.0,28.304,26.937
pga,2021,2021,Farmers Insurance Open,4,"Schauffele, Xander",19895,T2,4,Torrey Pines GC (South),4,69,2.247,0.57,0.358,-0.264,0.664,2.911,300.6,0.5,0.722,0.7,42.958,45.093
pga,2021,2021,Farmers Insurance Open,4,"Rahm, Jon",19195,T7,1,Torrey Pines GC (South),4,69,1.027,0.119,2.294,0.727,3.14,4.167,301.1,0.571,0.611,0.5,58.467,23.344
pga,2021,2021,Farmers Insurance Open,4,"Rahm, Jon",19195,T7,2,Torrey Pines GC (North),104,67,,,,,,3.84,,,,,,
pga,2021,2021,Farmers Insurance Open,4,"Rahm, Jon",19195,T7,3,Torrey Pines GC (South),4,72,0.151,0.028,0.996,0.395,1.419,1.57,301.6,0.5,0.611,0.429,60.797,30.705
pga,2021,2021,Farmers Insurance Open,4,"Rahm, Jon",19195,T7,4,Torrey Pines GC (South),4,72,-0.394,-0.374,-0.474,1.153,0.305,-0.089,297.8,0.714,0.778,0.2,44.663,27.062
pga,2021,2021,Farmers Insurance Open,4,"Zalatoris, Will",19428,T7,1,Torrey Pines GC (North),104,68,,,,,,1.449,,,,,,
pga,2021,2021,Farmers Insurance Open,4,"Zalatoris, Will",19428,T7,2,Torrey Pines GC (South),4,71,2.011,1.528,0.859,-0.636,1.752,3.763,293.5,0.214,0.667,0.857,40.592,36.061
pga,2021,2021,Farmers Insurance Open,4,"Zalatoris, Will",19428,T7,3,Torrey Pines GC (South),4,70,2.246,-0.056,0.693,0.687,1.324,3.57,300.1,0.5,0.722,0.5,53.12,28.027
pga,2021,2021,Farmers Insurance Open,4,"Zalatoris, Will",19428,T7,4,Torrey Pines GC (South),4,71,-1.298,1.193,0.726,0.29,2.209,0.911,302.5,0.429,0.667,0.667,33.608,25.41
pga,2021,2021,Farmers Insurance Open,4,"Griffin, Lanto",15330,T7,1,Torrey Pines GC (North),104,66,,,,,,3.449,,,,,,
pga,2021,2021,Farmers Insurance Open,4,"Griffin, Lanto",15330,T7,2,Torrey Pines GC (South),4,70,1.321,0.338,3.122,-0.019,3.442,4.763,300.1,0.357,0.667,0.667,40.631,27.242
pga,2021,2021,Farmers Insurance Open,4,"Griffin, Lanto",15330,T7,3,Torrey Pines GC (South),4,72,0.687,-1.72,1.533,1.07,0.883,1.57,295.7,0.714,0.778,0.5,35.791,31.614
pga,2021,2021,Farmers Insurance Open,4,"Griffin, Lanto",15330,T7,4,Torrey Pines GC (South),4,72,0.654,-1.331,1.077,-0.489,-0.743,-0.089,296.4,0.286,0.778,0.571,35.152,23.774
pga,2021,2021,Farmers Insurance Open,4,"Ryder, Sam",16715,T10,1,Torrey Pines GC (South),4,71,0.35,-0.541,1.174,1.184,1.817,2.167,296.5,0.786,0.833,0.667,59.68,24.337
pga,2021,2021,Farmers Insurance Open,4,"Ryder, Sam",16715,T10,2,Torrey Pines GC (North),104,69,,,,,,1.84,,,,,,
pga,2021,2021,Farmers Insurance Open,4,"Ryder, Sam",16715,T10,3,Torrey Pines GC (South),4,69,-1.433,0.842,4.19,0.971,6.003,4.57,292.0,0.786,0.833,0.5,15.88,31.22
pga,2021,2021,Farmers Insurance Open,4,"Ryder, Sam",16715,T10,4,Torrey Pines GC (South),4,72,-0.115,-1.815,1.312,0.529,0.026,-0.089,292.1,0.643,0.833,0.333,36.847,20.339
pga,2021,2021,Farmers Insurance Open,4,"Malnati, Peter",14926,T10,1,Torrey Pines GC (South),4,66,3.881,0.873,1.711,0.702,3.286,7.167,296.7,0.643,0.722,0.667,35.409,25.492
pga,2021,2021,Farmers Insurance Open,4,"Malnati, Peter",14926,T10,2,Torrey Pines GC (North),104,71,,,,,,-0.16,,,,,,
pga,2021,2021,Farmers Insurance Open,4,"Malnati, Peter",14926,T10,3,Torrey Pines GC (South),4,73,0.938,0.704,-0.477,-0.595,-0.368,0.57,283.6,0.429,0.611,0.5,84.406,21.307
pga,2021,2021,Farmers Insurance Open,4,"Malnati, Peter",14926,T10,4,Torrey Pines GC (South),4,71,-0.71,-0.499,2.207,-0.087,1.621,0.911,286.5,0.571,0.667,0.444,22.988,29.821
pga,2021,2021,Farmers Insurance Open,4,"Sabbatini, Rory",6283,T10,1,Torrey Pines GC (South),4,72,-1.296,2.501,-0.282,0.244,2.463,1.167,280.0,0.643,0.722,0.6,53.941,36.258
pga,2021,2021,Farmers Insurance Open,4,"Sabbatini, Rory",6283,T10,2,Torrey Pines GC (North),104,67,,,,,,3.84,,,,,,
pga,2021,2021,Farmers Insurance Open,4,"Sabbatini, Rory",6283,T10,3,Torrey Pines GC (South),4,72,3.373,-1.194,-0.25,-0.359,-1.803,1.57,280.2,0.5,0.611,0.444,56.856,30.949
pga,2021,2021,Farmers Insurance Open,4,"Sabbatini, Rory",6283,T10,4,Torrey Pines GC (South),4,70,1.956,0.05,0.444,-0.539,-0.045,1.911,279.5,0.786,0.722,0.8,22.981,30.228
pga,2021,2021,Farmers Insurance Open,4,"Molinari, Francesco",7655,T10,1,Torrey Pines GC (South),4,72,-1.419,3.21,-0.422,-0.202,2.586,1.167,287.2,0.643,0.722,0.8,49.584,27.245
pga,2021,2021,Farmers Insurance Open,4,"Molinari, Francesco",7655,T10,2,Torrey Pines GC (North),104,71,,,,,,-0.16,,,,,,
pga,2021,2021,Farmers Insurance Open,4,"Molinari, Francesco",7655,T10,3,Torrey Pines GC (South),4,72,-1.564,-0.457,2.305,1.286,3.134,1.57,290.0,0.857,0.833,0.667,58.758,24.584
pga,2021,2021,Farmers Insurance Open,4,"Molinari, Francesco",7655,T10,4,Torrey Pines GC (South),4,66,2.689,-0.013,2.218,1.017,3.222,5.911,292.3,0.786,0.889,1.0,12.256,24.442
pga,2021,2021,Farmers Insurance Open,4,"List, Luke",7960,T10,1,Torrey Pines GC (North),104,66,,,,,,3.449,,,,,,
pga,2021,2021,Farmers Insurance Open,4,"List, Luke",7960,T10,2,Torrey Pines GC (South),4,77,-2.404,0.618,-1.763,1.311,0.167,-2.237,308.6,0.571,0.5,0.462,67.772,44.173
pga,2021,2021,Farmers Insurance Open,4,"List, Luke",7960,T10,3,Torrey Pines GC (South),4,72,-2.653,-0.862,3.218,1.867,4.223,1.57,302.2,0.786,0.833,0.2,33.014,26.145
pga,2021,2021,Farmers Insurance Open,4,"List, Luke",7960,T10,4,Torrey Pines GC (South),4,66,2.067,0.875,1.959,1.01,3.844,5.911,310.1,0.714,0.889,1.0,47.809,26.384
pga,2021,2021,Farmers Insurance Open,4,"Scott, Adam",6430,T10,1,Torrey Pines GC (North),104,67,,,,,,2.449,,,,,,
pga,2021,2021,Farmers Insurance Open,4,"Scott, Adam",6430,T10,2,Torrey Pines GC (South),4,69,3.747,1.304,-0.321,1.032,2.016,5.763,295.0,0.643,0.5,0.727,27.809,46.791
pga,2021,2021,Farmers Insurance Open,4,"Scott, Adam",6430,T10,3,Torrey Pines GC (South),4,72,-0.468,1.188,2.386,-1.536,2.038,1.57,301.2,0.5,0.444,0.444,45.74,20.76
pga,2021,2021,Farmers Insurance Open,4,"Scott, Adam",6430,T10,4,Torrey Pines GC (South),4,73,-0.196,-0.242,-0.86,0.209,-0.893,-1.089,305.0,0.357,0.722,0.2,48.07,31.102
pga,2021,2021,Farmers Insurance Open,4,"Shelton, Robby",18635,T16,1,Torrey Pines GC (South),4,73,1.395,-2.091,1.437,-0.574,-1.228,0.167,284.1,0.357,0.5,0.615,13.636,28.35
pga,2021,2021,Farmers Insurance Open,4,"Shelton, Robby",18635,T16,2,Torrey Pines GC (North),104,64,,,,,,6.84,,,,,,
pga,2021,2021,Farmers Insurance Open,4,"Shelton, Robby",18635,T16,3,Torrey Pines GC (South),4,73,-1.712,2.301,0.452,-0.471,2.282,0.57,277.7,0.643,0.611,0.556,52.446,28.084
pga,2021,2021,Farmers Insurance Open,4,"Shelton, Robby",18635,T16,4,Torrey Pines GC (South),4,72,-0.913,1.312,0.426,-0.914,0.824,-0.089,280.5,0.571,0.667,0.667,49.919,30.064
pga,2021,2021,Farmers Insurance Open,4,"McIlroy, Rory",10091,T16,1,Torrey Pines GC (South),4,68,1.015,-0.287,1.441,2.998,4.152,5.167,329.9,0.714,0.944,0.667,22.81,32.049
pga,2021,2021,Farmers Insurance Open,4,"McIlroy, Rory",10091,T16,2,Torrey Pines GC (North),104,71,,,,,,-0.16,,,,,,
pga,2021,2021,Farmers Insurance Open,4,"McIlroy, Rory",10091,T16,3,Torrey Pines GC (South),4,70,-1.298,1.269,2.785,0.814,4.868,3.57,308.7,0.429,0.778,0.833,28.511,28.613
pga,2021,2021,Farmers Insurance Open,4,"McIlroy, Rory",10091,T16,4,Torrey Pines GC (South),4,73,0.633,0.549,-2.148,-0.123,-1.722,-1.089,309.2,0.429,0.667,0.571,43.935,30.647
pga,2021,2021,Farmers Insurance Open,4,"Homa, Max",17538,T18,1,Torrey Pines GC (South),4,71,0.224,0.296,3.208,-1.561,1.943,2.167,291.3,0.286,0.722,0.571,32.409,25.513
pga,2021,2021,Farmers Insurance Open,4,"Homa, Max",17538,T18,2,Torrey Pines GC (North),104,68,,,,,,2.84,,,,,,
pga,2021,2021,Farmers Insurance Open,4,"Homa, Max",17538,T18,3,Torrey Pines GC (South),4,72,-0.689,1.538,1.533,-0.812,2.259,1.57,287.7,0.5,0.611,0.5,30.905,38.315
pga,2021,2021,Farmers Insurance Open,4,"Homa, Max",17538,T18,4,Torrey Pines GC (South),4,72,-1.414,1.471,-0.268,0.122,1.325,-0.089,295.0,0.5,0.611,0.667,77.239,21.2
pga,2021,2021,Farmers Insurance Open,4,"Schwartzel, Charl",7398,T18,1,Torrey Pines GC (South),4,70,0.18,1.561,0.816,0.61,2.987,3.167,299.4,0.643,0.833,0.8,36.74,42.571
pga,2021,2021,Farmers Insurance Open,4,"Schwartzel, Charl",7398,T18,2,Torrey Pines GC (North),104,72,,,,,,-1.16,,,,,,
pga,2021,2021,Farmers Insurance Open,4,"Schwartzel, Charl",7398,T18,3,Torrey Pines GC (South),4,73,1.49,-0.446,-0.977,0.503,-0.92,0.57,294.5,0.5,0.667,0.5,50.483,37.277
pga,2021,2021,Farmers Insurance Open,4,"Schwartzel, Charl",7398,T18,4,Torrey Pines GC (South),4,68,1.501,1.133,1.107,0.17,2.41,3.911,297.8,0.5,0.833,0.8,40.508,38.352
pga,2021,2021,Farmers Insurance Open,4,"Potter, Jr., Ted",8769,T18,1,Torrey Pines GC (South),4,71,1.64,1.021,1.561,-2.055,0.527,2.167,281.1,0.429,0.556,1.0,35.722,22.301
pga,2021,2021,Farmers Insurance Open,4,"Potter, Jr., Ted",8769,T18,2,Torrey Pines GC (North),104,69,,,,,,1.84,,,,,,
pga,2021,2021,Farmers Insurance Open,4,"Potter, Jr., Ted",8769,T18,3,Torrey Pines GC (South),4,72,1.001,0.463,0.3,-0.194,0.569,1.57,278.9,0.643,0.667,0.625,27.334,25.193
pga,2021,2021,Farmers Insurance Open,4,"Potter, Jr., Ted",8769,T18,4,Torrey Pines GC (South),4,71,3.218,0.006,-0.474,-1.839,-2.307,0.911,274.6,0.286,0.556,0.75,45.824,22.101
pga,2021,2021,Farmers Insurance Open,4,"Tringale, Cameron",14013,T18,1,Torrey Pines GC (South),4,72,0.083,-0.654,-0.16,1.898,1.084,1.167,300.1,0.857,0.722,0.571,14.705,26.503
pga,2021,2021,Farmers Insurance Open,4,"Tringale, Cameron",14013,T18,2,Torrey Pines GC (North),104,69,,,,,,1.84,,,,,,
pga,2021,2021,Farmers Insurance Open,4,"Tringale, Cameron",14013,T18,3,Torrey Pines GC (South),4,72,1.615,0.106,-0.468,0.317,-0.045,1.57,285.1,0.714,0.667,0.375,41.054,30.062
pga,2021,2021,Farmers Insurance Open,4,"Tringale, Cameron",14013,T18,4,Torrey Pines GC (South),4,70,1.027,0.1,1.194,-0.41,0.884,1.911,290.0,0.5,0.778,0.8,41.162,21.222
pga,2021,2021,Farmers Insurance Open,4,"Hadwin, Adam",13965,T18,1,Torrey Pines GC (South),4,69,2.87,0.21,1.155,-0.068,1.297,4.167,287.9,0.643,0.667,0.571,37.731,27.842
pga,2021,2021,Farmers Insurance Open,4,"Hadwin, Adam",13965,T18,2,Torrey Pines GC (North),104,70,,,,,,0.84,,,,,,
pga,2021,2021,Farmers Insurance Open,4,"Hadwin, Adam",13965,T18,3,Torrey Pines GC (South),4,73,0.674,0.434,-1.022,0.484,-0.104,0.57,285.1,0.786,0.722,1.0,44.299,33.113
pga,2021,2021,Farmers Insurance Open,4,"Hadwin, Adam",13965,T18,4,Torrey Pines GC (South),4,71,0.549,1.015,-1.011,0.358,0.362,0.911,289.1,0.714,0.722,0.667,37.099,28.981
pga,2021,2021,Farmers Insurance Open,4,"Leishman, Marc",7649,T18,1,Torrey Pines GC (South),4,71,2.65,-1.852,1.846,-0.477,-0.483,2.167,293.9,0.571,0.667,0.7,65.367,27.781
pga,2021,2021,Farmers Insurance Open,4,"Leishman, Marc",7649,T18,2,Torrey Pines GC (North),104,70,,,,,,0.84,,,,,,
pga,2021,2021,Farmers Insurance Open,4,"Leishman, Marc",7649,T18,3,Torrey Pines GC (South),4,72,1.668,1.012,-1.108,-0.002,-0.098,1.57,285.9,0.5,0.389,0.818,42.799,36.758
pga,2021,2021,Farmers Insurance Open,4,"Leishman, Marc",7649,T18,4,Torrey Pines GC (South),4,70,0.039,-0.108,2.072,-0.092,1.872,1.911,289.5,0.571,0.722,0.571,65.569,22.356
pga,2021,2021,Farmers Insurance Open,4,"Hoag, Bo",14081,T18,1,Torrey Pines GC (South),4,72,2.259,0.31,-1.929,0.527,-1.092,1.167,288.5,0.643,0.722,0.625,56.425,38.396
pga,2021,2021,Farmers Insurance Open,4,"Hoag, Bo",14081,T18,2,Torrey Pines GC (North),104,69,,,,,,1.84,,,,,,
pga,2021,2021,Farmers Insurance Open,4,"Hoag, Bo",14081,T18,3,Torrey Pines GC (South),4,71,2.499,-0.536,0.496,0.111,0.071,2.57,279.1,0.714,0.722,0.625,59.062,37.982
pga,2021,2021,Farmers Insurance Open,4,"Hoag, Bo",14081,T18,4,Torrey Pines GC (South),4,71,1.241,-1.331,0.749,0.252,-0.33,0.911,282.6,0.786,0.667,0.5,53.688,26.944
pga,2021,2021,Farmers Insurance Open,4,"Stanley, Kyle",12069,T18,1,Torrey Pines GC (South),4,72,-0.617,0.846,0.143,0.795,1.784,1.167,290.1,0.714,0.611,0.778,56.675,28.92
pga,2021,2021,Farmers Insurance Open,4,"Stanley, Kyle",12069,T18,2,Torrey Pines GC (North),104,70,,,,,,0.84,,,,,,
pga,2021,2021,Farmers Insurance Open,4,"Stanley, Kyle",12069,T18,3,Torrey Pines GC (South),4,70,-0.078,0.193,2.945,0.51,3.648,3.57,284.2,0.714,0.778,0.5,42.434,24.708
pga,2021,2021,Farmers Insurance Open,4,"Stanley, Kyle",12069,T18,4,Torrey Pines GC (South),4,71,-0.399,-0.07,0.948,0.432,1.31,0.911,289.7,0.714,0.944,0.333,42.429,29.652
pga,2021,2021,Farmers Insurance Open,4,"Burns, Sam",19483,T18,1,Torrey Pines GC (North),104,66,,,,,,3.449,,,,,,
pga,2021,2021,Farmers Insurance Open,4,"Burns, Sam",19483,T18,2,Torrey Pines GC (South),4,72,0.045,1.901,-0.277,1.093,2.718,2.763,297.7,0.643,0.667,0.625,67.305,42.796
pga,2021,2021,Farmers Insurance Open,4,"Burns, Sam",19483,T18,3,Torrey Pines GC (South),4,70,3.159,-0.321,-0.598,1.33,0.411,3.57,299.9,0.643,0.722,0.5,5.037,28.962
pga,2021,2021,Farmers Insurance Open,4,"Burns, Sam",19483,T18,4,Torrey Pines GC (South),4,75,-2.946,0.821,-1.379,0.415,-0.143,-3.089,307.3,0.5,0.722,0.571,47.862,27.504
pga,2021,2021,Farmers Insurance Open,4,"Poston, J.T.",21554,T18,1,Torrey Pines GC (North),104,69,,,,,,0.449,,,,,,
pga,2021,2021,Farmers Insurance Open,4,"Poston, J.T.",21554,T18,2,Torrey Pines GC (South),4,74,2.598,-0.9,-1.64,0.704,-1.835,0.763,291.0,0.714,0.556,0.5,37.662,42.332
pga,2021,2021,Farmers Insurance Open,4,"Poston, J.T.",21554,T18,3,Torrey Pines GC (South),4,71,3.438,0.383,-1.477,0.226,-0.868,2.57,291.3,0.714,0.667,0.429,64.039,44.063
pga,2021,2021,Farmers Insurance Open,4,"Poston, J.T.",21554,T18,4,Torrey Pines GC (South),4,69,2.862,0.203,-1.11,0.956,0.049,2.911,293.0,0.786,0.722,0.857,29.64,41.755
pga,2021,2021,Farmers Insurance Open,4,"Bramlett, Joseph",14698,T18,1,Torrey Pines GC (North),104,69,,,,,,0.449,,,,,,
pga,2021,2021,Farmers Insurance Open,4,"Bramlett, Joseph",14698,T18,2,Torrey Pines GC (South),4,73,-0.102,0.458,2.623,-1.217,1.865,1.763,286.4,0.214,0.667,0.571,44.773,32.881
pga,2021,2021,Farmers Insurance Open,4,"Bramlett, Joseph",14698,T18,3,Torrey Pines GC (South),4,74,0.168,-0.733,-0.467,0.602,-0.598,-0.43,296.7,0.571,0.722,0.625,48.337,36.136
pga,2021,2021,Farmers Insurance Open,4,"Bramlett, Joseph",14698,T18,4,Torrey Pines GC (South),4,67,2.853,0.284,1.928,-0.154,2.058,4.911,298.2,0.5,0.778,0.6,43.487,19.558
pga,2021,2021,Farmers Insurance Open,4,"Oosthuizen, Louis",7672,T29,1,Torrey Pines GC (South),4,72,1.991,-0.754,-0.823,0.753,-0.824,1.167,287.5,0.786,0.611,0.667,72.202,29.96
pga,2021,2021,Farmers Insurance Open,4,"Oosthuizen, Louis",7672,T29,2,Torrey Pines GC (North),104,71,,,,,,-0.16,,,,,,
pga,2021,2021,Farmers Insurance Open,4,"Oosthuizen, Louis",7672,T29,3,Torrey Pines GC (South),4,70,3.305,0.154,-0.572,0.683,0.265,3.57,285.2,0.714,0.667,0.714,49.778,32.78
pga,2021,2021,Farmers Insurance Open,4,"Oosthuizen, Louis",7672,T29,4,Torrey Pines GC (South),4,71,1.706,-0.637,-0.378,0.22,-0.795,0.911,287.8,0.643,0.722,0.6,48.608,25.483
pga,2021,2021,Farmers Insurance Open,4,"Ortiz, Carlos",14735,T29,1,Torrey Pines GC (South),4,72,2.899,0.92,-1.371,-1.281,-1.732,1.167,295.8,0.571,0.444,0.75,44.183,42.534
pga,2021,2021,Farmers Insurance Open,4,"Ortiz, Carlos",14735,T29,2,Torrey Pines GC (North),104,68,,,,,,2.84,,,,,,
pga,2021,2021,Farmers Insurance Open,4,"Ortiz, Carlos",14735,T29,3,Torrey Pines GC (South),4,66,1.736,2.881,2.257,0.696,5.834,7.57,297.4,0.571,0.778,0.667,33.714,22.424
pga,2021,2021,Farmers Insurance Open,4,"Ortiz, Carlos",14735,T29,4,Torrey Pines GC (South),4,78,-1.777,-0.759,-2.317,-1.236,-4.312,-6.089,301.5,0.429,0.556,0.417,52.216,28.939
pga,2021,2021,Farmers Insurance Open,4,"Kokrak, Jason",12337,T29,1,Torrey Pines GC (North),104,70,,,,,,-0.551,,,,,,
pga,2021,2021,Farmers Insurance Open,4,"Kokrak, Jason",12337,T29,2,Torrey Pines GC (South),4,69,2.422,2.726,-0.253,0.867,3.341,5.763,295.4,0.643,0.611,0.889,87.045,37.457
pga,2021,2021,Farmers Insurance Open,4,"Kokrak, Jason",12337,T29,3,Torrey Pines GC (South),4,74,-1.72,0.614,0.42,0.256,1.29,-0.43,298.1,0.714,0.611,0.429,46.893,33.124
pga,2021,2021,Farmers Insurance Open,4,"Kokrak, Jason",12337,T29,4,Torrey Pines GC (South),4,71,-0.868,-0.175,0.065,1.889,1.779,0.911,302.3,0.857,0.889,0.5,13.915,26.769
pga,2021,2021,Farmers Insurance Open,4,"Snedeker, Brandt",8820,T32,1,Torrey Pines GC (South),4,69,3.471,1.791,-0.63,-0.465,0.696,4.167,281.6,0.5,0.556,0.778,47.709,38.378
pga,2021,2021,Farmers Insurance Open,4,"Snedeker, Brandt",8820,T32,2,Torrey Pines GC (North),104,70,,,,,,0.84,,,,,,
pga,2021,2021,Farmers Insurance Open,4,"Snedeker, Brandt",8820,T32,3,Torrey Pines GC (South),4,77,0.6,-1.826,-1.876,-0.328,-4.03,-3.43,278.1,0.571,0.5,0.545,69.379,31.404
pga,2021,2021,Farmers Insurance Open,4,"Snedeker, Brandt",8820,T32,4,Torrey Pines GC (South),4,69,0.982,0.522,2.167,-0.76,1.929,2.911,275.3,0.571,0.833,0.5,36.371,27.305
pga,2021,2021,Farmers Insurance Open,4,"Im, Sungjae",17488,T32,1,Torrey Pines GC (North),104,69,,,,,,0.449,,,,,,
pga,2021,2021,Farmers Insurance Open,4,"Im, Sungjae",17488,T32,2,Torrey Pines GC (South),4,74,0.671,-0.75,-0.257,1.098,0.092,0.763,285.7,0.786,0.667,0.5,,38.995
pga,2021,2021,Farmers Insurance Open,4,"Im, Sungjae",17488,T32,3,Torrey Pines GC (South),4,69,2.282,0.387,1.187,0.714,2.288,4.57,288.7,0.786,0.611,0.778,26.517,31.857
pga,2021,2021,Farmers Insurance Open,4,"Im, Sungjae",17488,T32,4,Torrey Pines GC (South),4,73,-0.19,-0.748,0.157,-0.308,-0.899,-1.089,287.3,0.5,0.722,0.222,24.149,36.478
pga,2021,2021,Farmers Insurance Open,4,"Clark, Wyndham",23604,T32,1,Torrey Pines GC (North),104,67,,,,,,2.449,,,,,,
pga,2021,2021,Farmers Insurance Open,4,"Clark, Wyndham",23604,T32,2,Torrey Pines GC (South),4,73,-1.363,-0.694,2.427,1.392,3.126,1.763,307.9,0.571,0.722,0.667,37.263,28.976
pga,2021,2021,Farmers Insurance Open,4,"Clark, Wyndham",23604,T32,3,Torrey Pines GC (South),4,73,2.164,0.668,-2.517,0.255,-1.594,0.57,309.6,0.286,0.722,0.833,46.59,38.988
pga,2021,2021,Farmers Insurance Open,4,"Clark, Wyndham",23604,T32,4,Torrey Pines GC (South),4,72,0.805,-0.05,-2.2,1.356,-0.894,-0.089,315.5,0.571,0.611,0.5,60.932,34.6
pga,2021,2021,Farmers Insurance Open,4,"Straka, Sepp",17511,T32,1,Torrey Pines GC (North),104,69,,,,,,0.449,,,,,,
pga,2021,2021,Farmers Insurance Open,4,"Straka, Sepp",17511,T32,2,Torrey Pines GC (South),4,74,-1.261,0.87,0.403,0.75,2.024,0.763,283.8,0.786,0.444,0.583,25.63,37.957
pga,2021,2021,Farmers Insurance Open,4,"Straka, Sepp",17511,T32,3,Torrey Pines GC (South),4,77,0.682,-0.411,-3.941,0.24,-4.112,-3.43,290.2,0.571,0.5,0.538,62.236,47.79
pga,2021,2021,Farmers Insurance Open,4,"Straka, Sepp",17511,T32,4,Torrey Pines GC (South),4,65,4.35,0.634,0.815,1.112,2.561,6.911,297.3,0.786,0.778,0.857,53.954,38.266
pga,2021,2021,Farmers Insurance Open,4,"Davis, Cameron",17786,T32,1,Torrey Pines GC (North),104,70,,,,,,-0.551,,,,,,
pga,2021,2021,Farmers Insurance Open,4,"Davis, Cameron",17786,T32,2,Torrey Pines GC (South),4,71,0.751,1.327,0.673,1.011,3.012,3.763,290.8,0.714,0.667,0.571,42.676,42.456
pga,2021,2021,Farmers Insurance Open,4,"Davis, Cameron",17786,T32,3,Torrey Pines GC (South),4,71,-0.655,-0.002,2.795,0.432,3.225,2.57,299.0,0.429,0.944,0.5,30.688,31.27
pga,2021,2021,Farmers Insurance Open,4,"Davis, Cameron",17786,T32,4,Torrey Pines GC (South),4,73,-5.326,-0.46,3.147,1.55,4.237,-1.089,307.9,0.643,0.833,0.0,46.887,23.87
pga,2021,2021,Farmers Insurance Open,4,"Conners, Corey",17576,T37,1,Torrey Pines GC (South),4,72,-0.382,-0.444,0.847,1.146,1.549,1.167,295.7,0.714,0.722,0.5,39.181,31.931
pga,2021,2021,Farmers Insurance Open,4,"Conners, Corey",17576,T37,2,Torrey Pines GC (North),104,71,,,,,,-0.16,,,,,,
pga,2021,2021,Farmers Insurance Open,4,"Conners, Corey",17576,T37,3,Torrey Pines GC (South),4,73,-0.602,0.638,-0.478,1.012,1.172,0.57,291.0,0.786,0.611,0.625,30.171,32.567
pga,2021,2021,Farmers Insurance Open,4,"Conners, Corey",17576,T37,4,Torrey Pines GC (South),4,70,0.16,-0.339,1.128,0.962,1.751,1.911,290.9,0.857,0.833,1.0,14.504,21.881
pga,2021,2021,Farmers Insurance Open,4,"Ghim, Doug",24550,T37,1,Torrey Pines GC (South),4,70,3.865,-0.576,-0.622,0.5,-0.698,3.167,292.0,0.714,0.611,0.667,58.529,29.806
pga,2021,2021,Farmers Insurance Open,4,"Ghim, Doug",24550,T37,2,Torrey Pines GC (North),104,71,,,,,,-0.16,,,,,,
pga,2021,2021,Farmers Insurance Open,4,"Ghim, Doug",24550,T37,3,Torrey Pines GC (South),4,73,-0.407,0.232,0.971,-0.226,0.977,0.57,284.5,0.714,0.722,0.571,56.358,30.791
pga,2021,2021,Farmers Insurance Open,4,"Ghim, Doug",24550,T37,4,Torrey Pines GC (South),4,72,1.801,0.035,-0.336,-1.589,-1.89,-0.089,285.0,0.429,0.5,0.583,69.245,24.683
pga,2021,2021,Farmers Insurance Open,4,"Streelman, Kevin",8480,T37,1,Torrey Pines GC (North),104,68,,,,,,1.449,,,,,,
pga,2021,2021,Farmers Insurance Open,4,"Streelman, Kevin",8480,T37,2,Torrey Pines GC (South),4,75,-0.954,-0.94,0.863,0.793,0.717,-0.237,283.9,0.786,0.556,0.5,43.039,30.665
pga,2021,2021,Farmers Insurance Open,4,"Streelman, Kevin",8480,T37,3,Torrey Pines GC (South),4,73,0.341,-0.62,-0.266,1.115,0.229,0.57,286.1,0.929,0.667,0.5,21.727,31.643
pga,2021,2021,Farmers Insurance Open,4,"Streelman, Kevin",8480,T37,4,Torrey Pines GC (South),4,70,1.708,-0.652,0.074,0.781,0.203,1.911,289.7,0.786,0.833,0.25,32.751,34.741
pga,2021,2021,Farmers Insurance Open,4,"Noren, Alex",10419,T37,1,Torrey Pines GC (North),104,64,,,,,,5.449,,,,,,
pga,2021,2021,Farmers Insurance Open,4,"Noren, Alex",10419,T37,2,Torrey Pines GC (South),4,74,1.132,1.355,-1.981,0.256,-0.369,0.763,287.9,0.571,0.389,0.583,56.175,37.596
pga,2021,2021,Farmers Insurance Open,4,"Noren, Alex",10419,T37,3,Torrey Pines GC (South),4,75,-0.358,-0.92,0.581,-0.733,-1.072,-1.43,286.6,0.357,0.556,0.444,56.814,39.806
pga,2021,2021,Farmers Insurance Open,4,"Noren, Alex",10419,T37,4,Torrey Pines GC (South),4,73,-1.105,0.624,-0.077,-0.531,0.016,-1.089,287.9,0.286,0.722,0.667,37.02,26.353
pga,2021,2021,Farmers Insurance Open,4,"Suh, Justin",22050,T37,1,Torrey Pines GC (North),104,71,,,,,,-1.551,,,,,,
pga,2021,2021,Farmers Insurance Open,4,"Suh, Justin",22050,T37,2,Torrey Pines GC (South),4,72,2.811,0.411,0.237,-0.697,-0.048,2.763,283.3,0.5,0.667,0.571,40.576,30.366
pga,2021,2021,Farmers Insurance Open,4,"Suh, Justin",22050,T37,3,Torrey Pines GC (South),4,73,2.322,-1.613,0.53,-0.669,-1.752,0.57,286.7,0.5,0.722,0.75,36.292,27.3
pga,2021,2021,Farmers Insurance Open,4,"Suh, Justin",22050,T37,4,Torrey Pines GC (South),4,70,-0.821,1.59,0.705,0.437,2.732,1.911,288.5,0.714,0.667,0.625,93.073,27.999
pga,2021,2021,Farmers Insurance Open,4,"Glover, Lucas",7399,T42,1,Torrey Pines GC (South),4,68,1.512,1.067,2.702,-0.114,3.655,5.167,286.1,0.5,0.722,1.0,33.223,28.341
pga,2021,2021,Farmers Insurance Open,4,"Glover, Lucas",7399,T42,2,Torrey Pines GC (North),104,72,,,,,,-1.16,,,,,,
pga,2021,2021,Farmers Insurance Open,4,"Glover, Lucas",7399,T42,3,Torrey Pines GC (South),4,75,0.077,-2.154,0.19,0.457,-1.507,-1.43,281.1,0.714,0.611,0.455,72.78,29.921
pga,2021,2021,Farmers Insurance Open,4,"Glover, Lucas",7399,T42,4,Torrey Pines GC (South),4,72,-1.878,0.272,1.998,-0.481,1.789,-0.089,289.6,0.643,0.667,0.667,20.49,22.38
pga,2021,2021,Farmers Insurance Open,4,"Haas, Bill",7900,T42,1,Torrey Pines GC (South),4,71,1.595,1.666,-1.418,0.324,0.572,2.167,293.4,0.571,0.611,0.667,74.277,40.631
pga,2021,2021,Farmers Insurance Open,4,"Haas, Bill",7900,T42,2,Torrey Pines GC (North),104,71,,,,,,-0.16,,,,,,
pga,2021,2021,Farmers Insurance Open,4,"Haas, Bill",7900,T42,3,Torrey Pines GC (South),4,72,1.226,0.534,-0.498,0.308,0.344,1.57,285.4,0.643,0.611,0.444,55.62,35.005
pga,2021,2021,Farmers Insurance Open,4,"Haas, Bill",7900,T42,4,Torrey Pines GC (South),4,73,0.72,0.843,-1.6,-1.052,-1.809,-1.089,286.9,0.357,0.556,0.583,47.581,51.932
pga,2021,2021,Farmers Insurance Open,4,"Hagy, Brandon",18695,T42,1,Torrey Pines GC (North),104,66,,,,,,3.449,,,,,,
pga,2021,2021,Farmers Insurance Open,4,"Hagy, Brandon",18695,T42,2,Torrey Pines GC (South),4,75,0.683,0.423,-3.114,1.77,-0.92,-0.237,307.3,0.571,0.611,0.545,35.335,49.992
pga,2021,2021,Farmers Insurance Open,4,"Hagy, Brandon",18695,T42,3,Torrey Pines GC (South),4,73,0.461,1.065,-2.065,1.109,0.109,0.57,307.1,0.5,0.611,0.5,31.56,41.322
pga,2021,2021,Farmers Insurance Open,4,"Hagy, Brandon",18695,T42,4,Torrey Pines GC (South),4,73,2.252,-0.777,-2.827,0.263,-3.341,-1.089,306.2,0.571,0.556,0.571,64.959,33.429
pga,2021,2021,Farmers Insurance Open,4,"Lewis, Tom",15164,T42,1,Torrey Pines GC (North),104,68,,,,,,1.449,,,,,,
pga,2021,2021,Farmers Insurance Open,4,"Lewis, Tom",15164,T42,2,Torrey Pines GC (South),4,75,-1.763,0.931,-0.57,1.164,1.526,-0.237,294.1,0.643,0.444,0.583,55.09,35.363
pga,2021,2021,Farmers Insurance Open,4,"Lewis, Tom",15164,T42,3,Torrey Pines GC (South),4,71,1.626,0.543,-0.117,0.518,0.944,2.57,296.9,0.357,0.722,1.0,34.437,40.798
pga,2021,2021,Farmers Insurance Open,4,"Lewis, Tom",15164,T42,4,Torrey Pines GC (South),4,73,-0.622,-0.641,0.254,-0.08,-0.467,-1.089,292.6,0.571,0.778,0.5,28.18,29.381
pga,2021,2021,Farmers Insurance Open,4,"Gordon, Will",26660,T42,1,Torrey Pines GC (North),104,67,,,,,,2.449,,,,,,
pga,2021,2021,Farmers Insurance Open,4,"Gordon, Will",26660,T42,2,Torrey Pines GC (South),4,70,4.273,0.156,-0.832,1.165,0.49,4.763,304.0,0.5,0.611,0.545,64.904,40.774
pga,2021,2021,Farmers Insurance Open,4,"Gordon, Will",26660,T42,3,Torrey Pines GC (South),4,75,0.135,-0.129,-0.858,-0.578,-1.565,-1.43,296.9,0.5,0.667,0.286,57.566,37.703
pga,2021,2021,Farmers Insurance Open,4,"Gordon, Will",26660,T42,4,Torrey Pines GC (South),4,75,2.745,-1.985,-3.231,-0.618,-5.834,-3.089,305.8,0.5,0.5,0.385,48.415,50.842
pga,2021,2021,Farmers Insurance Open,4,"Burgoon, Bronson",11082,T42,1,Torrey Pines GC (North),104,69,,,,,,0.449,,,,,,
pga,2021,2021,Farmers Insurance Open,4,"Burgoon, Bronson",11082,T42,2,Torrey Pines GC (South),4,74,0.415,-0.414,0.586,0.175,0.348,0.763,284.5,0.571,0.5,0.4,21.496,35.264
pga,2021,2021,Farmers Insurance Open,4,"Burgoon, Bronson",11082,T42,3,Torrey Pines GC (South),4,74,-1.627,-0.714,1.01,0.901,1.197,-0.43,291.8,0.714,0.778,0.2,37.315,29.043
pga,2021,2021,Farmers Insurance Open,4,"Burgoon, Bronson",11082,T42,4,Torrey Pines GC (South),4,70,-0.576,-0.058,1.998,0.547,2.487,1.911,293.3,0.643,0.722,0.4,51.07,24.274
pga,2021,2021,Farmers Insurance Open,4,"Percy, Cameron",5874,T48,1,Torrey Pines GC (South),4,71,-0.685,0.467,0.929,1.456,2.852,2.167,290.9,0.857,0.778,1.0,36.513,27.623
pga,2021,2021,Farmers Insurance Open,4,"Percy, Cameron",5874,T48,2,Torrey Pines GC (North),104,72,,,,,,-1.16,,,,,,
pga,2021,2021,Farmers Insurance Open,4,"Percy, Cameron",5874,T48,3,Torrey Pines GC (South),4,73,0.604,-0.565,0.584,-0.053,-0.034,0.57,276.1,0.786,0.778,0.75,36.765,30.669
pga,2021,2021,Farmers Insurance Open,4,"Percy, Cameron",5874,T48,4,Torrey Pines GC (South),4,72,-1.942,0.138,1.245,0.47,1.853,-0.089,279.8,0.857,0.778,0.5,38.482,25.691
pga,2021,2021,Farmers Insurance Open,4,"Jones, Matt",8605,T48,1,Torrey Pines GC (South),4,70,2.112,-0.055,1.452,-0.342,1.055,3.167,290.1,0.286,0.611,0.8,52.834,24.081
pga,2021,2021,Farmers Insurance Open,4,"Jones, Matt",8605,T48,2,Torrey Pines GC (North),104,73,,,,,,-2.16,,,,,,
pga,2021,2021,Farmers Insurance Open,4,"Jones, Matt",8605,T48,3,Torrey Pines GC (South),4,74,0.267,-0.455,-0.617,0.375,-0.697,-0.43,292.9,0.571,0.667,0.571,52.827,35.53
pga,2021,2021,Farmers Insurance Open,4,"Jones, Matt",8605,T48,4,Torrey Pines GC (South),4,71,-0.3,-0.268,0.25,1.229,1.211,0.911,299.5,0.786,0.778,0.5,42.014,34.356
pga,2021,2021,Farmers Insurance Open,4,"Woodland, Gary",12577,T48,1,Torrey Pines GC (North),104,66,,,,,,3.449,,,,,,
pga,2021,2021,Farmers Insurance Open,4,"Woodland, Gary",12577,T48,2,Torrey Pines GC (South),4,75,0.39,-0.514,0.5,-0.614,-0.627,-0.237,289.8,0.571,0.667,0.556,42.254,34.767
pga,2021,2021,Farmers Insurance Open,4,"Woodland, Gary",12577,T48,3,Torrey Pines GC (South),4,77,-0.792,1.108,-0.243,-3.503,-2.638,-3.43,287.0,0.357,0.611,0.6,44.376,40.703
pga,2021,2021,Farmers Insurance Open,4,"Woodland, Gary",12577,T48,4,Torrey Pines GC (South),4,70,1.074,1.415,-0.31,-0.268,0.837,1.911,304.2,0.714,0.722,0.833,45.528,25.655
pga,2021,2021,Farmers Insurance Open,4,"Gooch, Talor",18580,T48,1,Torrey Pines GC (North),104,66,,,,,,3.449,,,,,,
pga,2021,2021,Farmers Insurance Open,4,"Gooch, Talor",18580,T48,2,Torrey Pines GC (South),4,74,-0.184,-0.031,0.141,0.836,0.947,0.763,294.1,0.571,0.556,0.5,56.951,33.668
pga,2021,2021,Farmers Insurance Open,4,"Gooch, Talor",18580,T48,3,Torrey Pines GC (South),4,77,-2.114,0.022,-1.493,0.155,-1.316,-3.43,292.5,0.5,0.667,0.5,58.055,31.229
pga,2021,2021,Farmers Insurance Open,4,"Gooch, Talor",18580,T48,4,Torrey Pines GC (South),4,71,-0.21,0.056,1.147,-0.082,1.121,0.911,292.8,0.571,0.778,0.5,50.679,27.498
pga,2021,2021,Farmers Insurance Open,4,"NeSmith, Matthew",16433,T48,1,Torrey Pines GC (North),104,70,,,,,,-0.551,,,,,,
pga,2021,2021,Farmers Insurance Open,4,"NeSmith, Matthew",16433,T48,2,Torrey Pines GC (South),4,73,-1.406,1.712,1.842,-0.386,3.169,1.763,289.4,0.5,0.667,0.9,56.471,41.134
pga,2021,2021,Farmers Insurance Open,4,"NeSmith, Matthew",16433,T48,3,Torrey Pines GC (South),4,76,-1.705,-1.955,2.264,-1.034,-0.725,-2.43,287.6,0.5,0.722,0.429,23.399,25.282
pga,2021,2021,Farmers Insurance Open,4,"NeSmith, Matthew",16433,T48,4,Torrey Pines GC (South),4,69,-1.703,1.49,2.54,0.584,4.614,2.911,287.7,0.714,0.889,0.571,27.46,35.958
pga,2021,2021,Farmers Insurance Open,4,"Matsuyama, Hideki",13562,T53,1,Torrey Pines GC (South),4,74,-0.195,-0.292,0.658,-1.004,-0.638,-0.833,288.1,0.357,0.556,0.571,51.681,24.955
pga,2021,2021,Farmers Insurance Open,4,"Matsuyama, Hideki",13562,T53,2,Torrey Pines GC (North),104,68,,,,,,2.84,,,,,,
pga,2021,2021,Farmers Insurance Open,4,"Matsuyama, Hideki",13562,T53,3,Torrey Pines GC (South),4,74,0.699,0.412,-1.031,-0.51,-1.129,-0.43,287.6,0.5,0.556,0.7,53.807,39.27
pga,2021,2021,Farmers Insurance Open,4,"Matsuyama, Hideki",13562,T53,4,Torrey Pines GC (South),4,73,-1.089,0.865,-1.006,0.141,0.0,-1.089,287.7,0.571,0.667,0.444,67.616,35.086
pga,2021,2021,Farmers Insurance Open,4,"Mickelson, Phil",1547,T53,1,Torrey Pines GC (North),104,71,,,,,,-1.551,,,,,,
pga,2021,2021,Farmers Insurance Open,4,"Mickelson, Phil",1547,T53,2,Torrey Pines GC (South),4,72,3.855,0.237,-1.112,-0.218,-1.092,2.763,281.9,0.429,0.556,0.7,78.829,34.292
pga,2021,2021,Farmers Insurance Open,4,"Mickelson, Phil",1547,T53,3,Torrey Pines GC (South),4,74,-2.659,-0.013,3.467,-1.225,2.229,-0.43,293.2,0.357,0.722,0.333,33.202,30.601
pga,2021,2021,Farmers Insurance Open,4,"Mickelson, Phil",1547,T53,4,Torrey Pines GC (South),4,72,1.099,-0.822,-0.019,-0.347,-1.188,-0.089,298.0,0.286,0.722,0.571,33.049,29.854
pga,2021,2021,Farmers Insurance Open,4,"Sloan, Roger",14050,T53,1,Torrey Pines GC (North),104,68,,,,,,1.449,,,,,,
pga,2021,2021,Farmers Insurance Open,4,"Sloan, Roger",14050,T53,2,Torrey Pines GC (South),4,73,-0.489,-0.141,1.326,1.066,2.252,1.763,290.3,0.643,0.778,0.0,63.953,36.128
pga,2021,2021,Farmers Insurance Open,4,"Sloan, Roger",14050,T53,3,Torrey Pines GC (South),4,78,0.287,-3.046,-0.569,-1.102,-4.717,-4.43,282.4,0.286,0.389,0.5,56.199,28.922
pga,2021,2021,Farmers Insurance Open,4,"Sloan, Roger",14050,T53,4,Torrey Pines GC (South),4,70,-0.337,0.064,1.905,0.279,2.248,1.911,294.2,0.786,0.889,0.667,37.961,25.406
pga,2021,2021,Farmers Insurance Open,4,"Kim, Michael",17543,T53,1,Torrey Pines GC (North),104,69,,,,,,0.449,,,,,,
pga,2021,2021,Farmers Insurance Open,4,"Kim, Michael",17543,T53,2,Torrey Pines GC (South),4,74,0.705,-1.104,2.576,-1.415,0.058,0.763,284.5,0.357,0.556,0.6,48.333,38.734
pga,2021,2021,Farmers Insurance Open,4,"Kim, Michael",17543,T53,3,Torrey Pines GC (South),4,74,1.226,0.366,0.834,-2.856,-1.656,-0.43,281.0,0.571,0.667,0.5,68.43,22.931
pga,2021,2021,Farmers Insurance Open,4,"Kim, Michael",17543,T53,4,Torrey Pines GC (South),4,72,0.187,-0.583,0.614,-0.307,-0.276,-0.089,284.4,0.571,0.667,0.667,55.114,25.712
pga,2021,2021,Farmers Insurance Open,4,"Fowler, Rickie",12965,T53,1,Torrey Pines GC (North),104,70,,,,,,-0.551,,,,,,
pga,2021,2021,Farmers Insurance Open,4,"Fowler, Rickie",12965,T53,2,Torrey Pines GC (South),4,73,-1.093,1.22,1.054,0.581,2.856,1.763,286.8,0.714,0.722,0.6,38.098,32.882
pga,2021,2021,Farmers Insurance Open,4,"Fowler, Rickie",12965,T53,3,Torrey Pines GC (South),4,73,-2.21,0.935,1.205,0.64,2.78,0.57,290.9,0.571,0.667,0.429,41.865,25.788
pga,2021,2021,Farmers Insurance Open,4,"Fowler, Rickie",12965,T53,4,Torrey Pines GC (South),4,73,-0.395,-1.685,-0.825,1.816,-0.694,-1.089,298.9,0.857,0.5,0.5,93.815,28.476
pga,2021,2021,Farmers Insurance Open,4,"Frittelli, Dylan",11955,T53,1,Torrey Pines GC (North),104,70,,,,,,-0.551,,,,,,
pga,2021,2021,Farmers Insurance Open,4,"Frittelli, Dylan",11955,T53,2,Torrey Pines GC (South),4,73,-0.138,-0.077,1.926,0.051,1.901,1.763,295.3,0.357,0.667,0.625,31.086,45.601
pga,2021,2021,Farmers Insurance Open,4,"Frittelli, Dylan",11955,T53,3,Torrey Pines GC (South),4,71,0.065,-0.442,2.133,0.814,2.505,2.57,308.8,0.429,0.778,0.75,54.69,29.155
pga,2021,2021,Farmers Insurance Open,4,"Frittelli, Dylan",11955,T53,4,Torrey Pines GC (South),4,75,-1.753,0.753,-1.45,-0.639,-1.336,-3.089,302.6,0.357,0.556,0.556,34.397,28.764
pga,2021,2021,Farmers Insurance Open,4,"Gibson, Rhein",13342,T53,1,Torrey Pines GC (North),104,66,,,,,,3.449,,,,,,
pga,2021,2021,Farmers Insurance Open,4,"Gibson, Rhein",13342,T53,2,Torrey Pines GC (South),4,76,-0.901,2.235,-2.162,-0.41,-0.336,-1.237,280.2,0.571,0.5,0.667,44.985,49.202
pga,2021,2021,Farmers Insurance Open,4,"Gibson, Rhein",13342,T53,3,Torrey Pines GC (South),4,73,2.334,-0.278,1.076,-2.562,-1.764,0.57,279.2,0.429,0.667,0.833,18.838,22.649
pga,2021,2021,Farmers Insurance Open,4,"Gibson, Rhein",13342,T53,4,Torrey Pines GC (South),4,74,-1.892,0.819,-0.544,-0.472,-0.197,-2.089,285.5,0.5,0.667,0.167,55.065,31.006
pga,2021,2021,Farmers Insurance Open,4,"Seiffert, Chase",17509,T60,1,Torrey Pines GC (South),4,72,-1.516,2.098,-0.986,1.571,2.683,1.167,293.7,0.857,0.667,1.0,35.448,38.135
pga,2021,2021,Farmers Insurance Open,4,"Seiffert, Chase",17509,T60,2,Torrey Pines GC (North),104,68,,,,,,2.84,,,,,,
pga,2021,2021,Farmers Insurance Open,4,"Seiffert, Chase",17509,T60,3,Torrey Pines GC (South),4,76,0.347,-0.986,-0.789,-1.002,-2.777,-2.43,281.2,0.429,0.611,0.5,61.294,33.474
pga,2021,2021,Farmers Insurance Open,4,"Seiffert, Chase",17509,T60,4,Torrey Pines GC (South),4,74,2.074,-2.065,-2.147,0.049,-4.163,-2.089,281.7,0.714,0.556,0.583,67.067,26.384
pga,2021,2021,Farmers Insurance Open,4,"Werenski, Richy",19364,T60,1,Torrey Pines GC (South),4,69,0.625,0.66,3.043,-0.161,3.542,4.167,291.0,0.5,0.611,0.778,48.434,25.663
pga,2021,2021,Farmers Insurance Open,4,"Werenski, Richy",19364,T60,2,Torrey Pines GC (North),104,69,,,,,,1.84,,,,,,
pga,2021,2021,Farmers Insurance Open,4,"Werenski, Richy",19364,T60,3,Torrey Pines GC (South),4,73,-0.098,0.141,0.952,-0.425,0.668,0.57,278.6,0.5,0.667,0.667,42.299,22.028
pga,2021,2021,Farmers Insurance Open,4,"Werenski, Richy",19364,T60,4,Torrey Pines GC (South),4,79,-1.608,-1.513,-3.698,-0.27,-5.481,-7.089,285.2,0.5,0.5,0.455,60.493,29.925
pga,2021,2021,Farmers Insurance Open,4,"Stricker, Steve",4818,T60,1,Torrey Pines GC (South),4,72,1.83,-0.282,-1.087,0.706,-0.663,1.167,280.0,0.857,0.667,0.375,,32.228
pga,2021,2021,Farmers Insurance Open,4,"Stricker, Steve",4818,T60,2,Torrey Pines GC (North),104,70,,,,,,0.84,,,,,,
pga,2021,2021,Farmers Insurance Open,4,"Stricker, Steve",4818,T60,3,Torrey Pines GC (South),4,77,1.129,0.751,-4.491,-0.819,-4.559,-3.43,274.6,0.714,0.389,0.818,59.069,39.719
pga,2021,2021,Farmers Insurance Open,4,"Stricker, Steve",4818,T60,4,Torrey Pines GC (South),4,71,-0.612,0.354,1.153,0.016,1.523,0.911,276.2,0.857,0.667,0.6,38.577,23.375
pga,2021,2021,Farmers Insurance Open,4,"Kraft, Kelly",15852,T60,1,Torrey Pines GC (South),4,73,-0.472,-1.271,1.52,0.39,0.639,0.167,285.1,0.714,0.778,0.429,24.689,35.793
pga,2021,2021,Farmers Insurance Open,4,"Kraft, Kelly",15852,T60,2,Torrey Pines GC (North),104,69,,,,,,1.84,,,,,,
pga,2021,2021,Farmers Insurance Open,4,"Kraft, Kelly",15852,T60,3,Torrey Pines GC (South),4,79,-2.916,-3.005,0.361,0.13,-2.514,-5.43,281.8,0.643,0.5,0.2,34.913,30.371
pga,2021,2021,Farmers Insurance Open,4,"Kraft, Kelly",15852,T60,4,Torrey Pines GC (South),4,69,3.181,-0.064,-0.102,-0.104,-0.27,2.911,280.0,0.714,0.722,0.667,56.497,28.372
pga,2021,2021,Farmers Insurance Open,4,"Zhang, Xinjun",13026,T60,1,Torrey Pines GC (North),104,70,,,,,,-0.551,,,,,,
pga,2021,2021,Farmers Insurance Open,4,"Zhang, Xinjun",13026,T60,2,Torrey Pines GC (South),4,73,0.557,2.362,-0.57,-0.587,1.206,1.763,281.5,0.643,0.556,0.556,69.125,35.887
pga,2021,2021,Farmers Insurance Open,4,"Zhang, Xinjun",13026,T60,3,Torrey Pines GC (South),4,74,0.855,-0.067,-0.228,-0.99,-1.285,-0.43,288.7,0.143,0.556,0.556,52.208,22.032
pga,2021,2021,Farmers Insurance Open,4,"Zhang, Xinjun",13026,T60,4,Torrey Pines GC (South),4,73,-0.565,1.044,-0.308,-1.26,-0.524,-1.089,285.5,0.357,0.667,0.889,32.989,34.22
pga,2021,2021,Farmers Insurance Open,4,"Mendoza, Kyle",28039,T65,1,Torrey Pines GC (South),4,73,1.607,0.945,-2.424,0.039,-1.44,0.167,279.0,0.643,0.556,0.75,61.77,30.789
pga,2021,2021,Farmers Insurance Open,4,"Mendoza, Kyle",28039,T65,2,Torrey Pines GC (North),104,69,,,,,,1.84,,,,,,
pga,2021,2021,Farmers Insurance Open,4,"Mendoza, Kyle",28039,T65,3,Torrey Pines GC (South),4,77,-2.914,0.77,-1.102,-0.184,-0.516,-3.43,272.8,0.714,0.667,0.429,58.898,35.431
pga,2021,2021,Farmers Insurance Open,4,"Mendoza, Kyle",28039,T65,4,Torrey Pines GC (South),4,72,1.047,-0.394,-0.69,-0.052,-1.136,-0.089,275.1,0.786,0.667,0.571,62.702,23.362
pga,2021,2021,Farmers Insurance Open,4,"Higgs, Harry",14140,T65,1,Torrey Pines GC (South),4,71,0.552,-1.584,2.681,0.518,1.615,2.167,294.8,0.5,0.556,0.444,46.834,25.253
pga,2021,2021,Farmers Insurance Open,4,"Higgs, Harry",14140,T65,2,Torrey Pines GC (North),104,69,,,,,,1.84,,,,,,
pga,2021,2021,Farmers Insurance Open,4,"Higgs, Harry",14140,T65,3,Torrey Pines GC (South),4,76,-1.717,1.095,-1.216,-0.592,-0.713,-2.43,287.2,0.5,0.5,0.667,52.626,32.794
pga,2021,2021,Farmers Insurance Open,4,"Higgs, Harry",14140,T65,4,Torrey Pines GC (South),4,75,-0.467,-0.916,-0.591,-1.115,-2.622,-3.089,291.0,0.286,0.556,0.5,48.074,32.738
pga,2021,2021,Farmers Insurance Open,4,"Huh, John",14606,T65,1,Torrey Pines GC (South),4,69,2.518,-0.101,0.58,1.17,1.649,4.167,287.3,0.857,0.778,0.714,31.463,28.337
pga,2021,2021,Farmers Insurance Open,4,"Huh, John",14606,T65,2,Torrey Pines GC (North),104,72,,,,,,-1.16,,,,,,
pga,2021,2021,Farmers Insurance Open,4,"Huh, John",14606,T65,3,Torrey Pines GC (South),4,76,-2.924,2.418,-2.226,0.302,0.494,-2.43,279.7,0.714,0.611,0.556,31.287,33.774
pga,2021,2021,Farmers Insurance Open,4,"Huh, John",14606,T65,4,Torrey Pines GC (South),4,74,-1.192,-1.405,0.978,-0.47,-0.897,-2.089,282.0,0.571,0.667,0.429,30.346,24.972
pga,2021,2021,Farmers Insurance Open,4,"Lee, Danny",11826,T65,1,Torrey Pines GC (South),4,74,-0.127,0.18,-0.968,0.082,-0.706,-0.833,303.3,0.571,0.556,0.667,30.673,30.745
pga,2021,2021,Farmers Insurance Open,4,"Lee, Danny",11826,T65,2,Torrey Pines GC (North),104,67,,,,,,3.84,,,,,,
pga,2021,2021,Farmers Insurance Open,4,"Lee, Danny",11826,T65,3,Torrey Pines GC (South),4,76,-0.812,0.25,-1.769,-0.099,-1.618,-2.43,291.2,0.429,0.722,0.8,39.771,34.462
pga,2021,2021,Farmers Insurance Open,4,"Lee, Danny",11826,T65,4,Torrey Pines GC (South),4,74,-2.871,0.097,-0.671,1.356,0.782,-2.089,297.2,0.786,0.722,0.4,50.672,23.458
pga,2021,2021,Farmers Insurance Open,4,"Perez, Pat",6762,T69,1,Torrey Pines GC (South),4,71,2.026,0.098,2.028,-1.985,0.141,2.167,287.4,0.571,0.667,0.5,42.632,28.034
pga,2021,2021,Farmers Insurance Open,4,"Perez, Pat",6762,T69,2,Torrey Pines GC (North),104,70,,,,,,0.84,,,,,,
pga,2021,2021,Farmers Insurance Open,4,"Perez, Pat",6762,T69,3,Torrey Pines GC (South),4,77,1.422,-0.222,-4.861,0.231,-4.852,-3.43,288.6,0.571,0.333,0.625,52.556,41.289
pga,2021,2021,Farmers Insurance Open,4,"Perez, Pat",6762,T69,4,Torrey Pines GC (South),4,74,0.21,-0.429,-0.554,-1.316,-2.299,-2.089,288.1,0.5,0.556,0.75,36.097,29.271
pga,2021,2021,Farmers Insurance Open,4,"Lee, Tain",16598,T69,1,Torrey Pines GC (South),4,71,-2.792,2.128,2.141,0.69,4.959,2.167,292.4,0.643,0.833,0.4,39.099,24.787
pga,2021,2021,Farmers Insurance Open,4,"Lee, Tain",16598,T69,2,Torrey Pines GC (North),104,72,,,,,,-1.16,,,,,,
pga,2021,2021,Farmers Insurance Open,4,"Lee, Tain",16598,T69,3,Torrey Pines GC (South),4,75,2.448,-1.592,-2.395,0.109,-3.878,-1.43,287.7,0.5,0.556,0.444,42.946,32.026
pga,2021,2021,Farmers Insurance Open,4,"Lee, Tain",16598,T69,4,Torrey Pines GC (South),4,74,0.824,0.66,-2.379,-1.194,-2.913,-2.089,282.2,0.571,0.556,0.556,57.39,36.652
pga,2021,2021,Farmers Insurance Open,4,"Choi, K.J.",1804,T69,1,Torrey Pines GC (North),104,66,,,,,,3.449,,,,,,
pga,2021,2021,Farmers Insurance Open,4,"Choi, K.J.",1804,T69,2,Torrey Pines GC (South),4,76,1.118,-0.496,0.128,-1.988,-2.355,-1.237,267.3,0.286,0.5,0.636,47.325,28.704
pga,2021,2021,Farmers Insurance Open,4,"Choi, K.J.",1804,T69,3,Torrey Pines GC (South),4,77,-0.218,-0.624,-0.336,-2.252,-3.212,-3.43,253.8,0.643,0.611,0.556,77.087,29.329
pga,2021,2021,Farmers Insurance Open,4,"Choi, K.J.",1804,T69,4,Torrey Pines GC (South),4,73,2.492,0.591,-2.415,-1.757,-3.581,-1.089,269.5,0.643,0.611,0.75,43.053,27.402
pga,2021,2021,Farmers Insurance Open,4,"Merritt, Troy",13367,72,1,Torrey Pines GC (South),4,71,3.209,-1.092,1.066,-1.016,-1.042,2.167,292.5,0.643,0.722,0.875,48.138,26.307
pga,2021,2021,Farmers Insurance Open,4,"Merritt, Troy",13367,72,2,Torrey Pines GC (North),104,72,,,,,,-1.16,,,,,,
pga,2021,2021,Farmers Insurance Open,4,"Merritt, Troy",13367,72,3,Torrey Pines GC (South),4,76,-1.401,-0.741,-0.662,0.374,-1.029,-2.43,284.1,0.643,0.722,0.571,38.841,31.025
pga,2021,2021,Farmers Insurance Open,4,"Merritt, Troy",13367,72,4,Torrey Pines GC (South),4,74,0.068,-1.409,-0.975,0.227,-2.157,-2.089,287.2,0.643,0.667,0.5,41.938,27.931
pga,2021,2021,Farmers Insurance Open,4,"McCarthy, Denny",19870,T73,1,Torrey Pines GC (North),104,67,,,,,,2.449,,,,,,
pga,2021,2021,Farmers Insurance Open,4,"McCarthy, Denny",19870,T73,2,Torrey Pines GC (South),4,75,0.475,0.45,-0.711,-0.452,-0.712,-0.237,292.0,0.571,0.5,0.75,51.973,32.129
pga,2021,2021,Farmers Insurance Open,4,"McCarthy, Denny",19870,T73,3,Torrey Pines GC (South),4,73,-0.843,-0.141,0.989,0.565,1.413,0.57,288.2,0.643,0.889,0.667,38.7,29.7
pga,2021,2021,Farmers Insurance Open,4,"McCarthy, Denny",19870,T73,4,Torrey Pines GC (South),4,79,-3.987,-0.849,-2.611,0.358,-3.102,-7.089,289.3,0.643,0.5,0.333,35.697,31.439
pga,2021,2021,Farmers Insurance Open,4,"Wilkinson, Tim",7097,T73,1,Torrey Pines GC (North),104,67,,,,,,2.449,,,,,,
pga,2021,2021,Farmers Insurance Open,4,"Wilkinson, Tim",7097,T73,2,Torrey Pines GC (South),4,76,-1.395,-0.074,0.961,-0.73,0.158,-1.237,273.1,0.714,0.667,0.5,41.305,28.894
pga,2021,2021,Farmers Insurance Open,4,"Wilkinson, Tim",7097,T73,3,Torrey Pines GC (South),4,80,-2.87,-0.758,-1.737,-1.065,-3.56,-6.43,260.7,0.714,0.556,0.2,49.097,34.326
pga,2021,2021,Farmers Insurance Open,4,"Wilkinson, Tim",7097,T73,4,Torrey Pines GC (South),4,71,0.902,0.818,0.702,-1.511,0.009,0.911,267.9,0.786,0.722,0.75,27.756,36.575
pga,2021,2021,Farmers Insurance Open,4,"McCumber, Tyler",17584,T75,1,Torrey Pines GC (South),4,76,-1.449,-0.358,-0.697,-0.329,-1.384,-2.833,309.1,0.5,0.5,0.583,44.213,41.73
pga,2021,2021,Farmers Insurance Open,4,"McCumber, Tyler",17584,T75,2,Torrey Pines GC (North),104,67,,,,,,3.84,,,,,,
pga,2021,2021,Farmers Insurance Open,4,"McCumber, Tyler",17584,T75,3,Torrey Pines GC (South),4,78,-3.629,-0.811,-0.254,0.264,-0.801,-4.43,301.1,0.357,0.556,0.222,55.468,40.569
pga,2021,2021,Farmers Insurance Open,4,"McCumber, Tyler",17584,T75,4,Torrey Pines GC (South),4,75,-2.257,-0.002,-0.79,-0.04,-0.832,-3.089,299.3,0.714,0.611,0.571,23.396,33.459
pga,2021,2021,Farmers Insurance Open,4,"An, Byeong Hun",14459,T75,1,Torrey Pines GC (South),4,72,-0.642,2.24,-0.347,-0.084,1.809,1.167,299.4,0.571,0.5,0.7,40.231,29.291
pga,2021,2021,Farmers Insurance Open,4,"An, Byeong Hun",14459,T75,2,Torrey Pines GC (North),104,71,,,,,,-0.16,,,,,,
pga,2021,2021,Farmers Insurance Open,4,"An, Byeong Hun",14459,T75,3,Torrey Pines GC (South),4,75,-3.187,1.256,0.397,0.104,1.757,-1.43,296.4,0.429,0.611,0.5,34.171,25.974
pga,2021,2021,Farmers Insurance Open,4,"An, Byeong Hun",14459,T75,4,Torrey Pines GC (South),4,78,-4.691,-0.84,-0.4,-0.158,-1.398,-6.089,291.6,0.429,0.722,0.429,37.667,24.494
pga,2021,2021,Farmers Insurance Open,4,"Dufner, Jason",7301,T77,1,Torrey Pines GC (South),4,74,0.213,-0.063,-0.457,-0.526,-1.046,-0.833,282.7,0.714,0.556,0.778,45.19,32.401
pga,2021,2021,Farmers Insurance Open,4,"Dufner, Jason",7301,T77,2,Torrey Pines GC (North),104,69,,,,,,1.84,,,,,,
pga,2021,2021,Farmers Insurance Open,4,"Dufner, Jason",7301,T77,3,Torrey Pines GC (South),4,78,-2.68,-0.159,-1.057,-0.534,-1.75,-4.43,274.7,0.643,0.5,0.4,69.845,39.444
pga,2021,2021,Farmers Insurance Open,4,"Dufner, Jason",7301,T77,4,Torrey Pines GC (South),4,76,-3.793,0.939,-0.54,-0.695,-0.296,-4.089,276.2,0.571,0.667,0.5,32.288,29.492
pga,2021,2021,Farmers Insurance Open,4,"Stadler, Kevin",7602,T77,1,Torrey Pines GC (North),104,71,,,,,,-1.551,,,,,,
pga,2021,2021,Farmers Insurance Open,4,"Stadler, Kevin",7602,T77,2,Torrey Pines GC (South),4,72,1.849,0.396,1.649,-1.132,0.914,2.763,280.0,0.5,0.611,0.625,12.768,29.658
pga,2021,2021,Farmers Insurance Open,4,"Stadler, Kevin",7602,T77,3,Torrey Pines GC (South),4,77,-2.696,0.39,-0.449,-0.675,-0.734,-3.43,280.3,0.5,0.611,0.556,48.518,35.948
pga,2021,2021,Farmers Insurance Open,4,"Stadler, Kevin",7602,T77,4,Torrey Pines GC (South),4,77,-5.477,0.296,1.868,-1.776,0.388,-5.089,281.2,0.643,0.778,0.4,25.395,28.641
pga,2021,2021,Farmers Insurance Open,4,"Murray, Grayson",14655,79,1,Torrey Pines GC (North),104,69,,,,,,0.449,,,,,,
pga,2021,2021,Farmers Insurance Open,4,"Murray, Grayson",14655,79,2,Torrey Pines GC (South),4,73,-1.054,0.78,1.711,0.325,2.817,1.763,293.4,0.5,0.611,0.429,31.588,31.448
pga,2021,2021,Farmers Insurance Open,4,"Murray, Grayson",14655,79,3,Torrey Pines GC (South),4,81,-4.93,0.292,-3.123,0.331,-2.5,-7.43,299.3,0.429,0.444,0.6,63.724,23.326
pga,2021,2021,Farmers Insurance Open,4,"Murray, Grayson",14655,79,4,Torrey Pines GC (South),4,75,-3.137,-0.77,-0.018,0.836,0.048,-3.089,299.6,0.643,0.611,0.4,36.156,29.7
pga,2021,2021,Farmers Insurance Open,4,"Kodaira, Satoshi",13531,CUT,1,Torrey Pines GC (South),4,71,1.321,0.453,0.292,0.101,0.846,2.167,279.5,0.643,0.722,0.857,78.964,29.081
pga,2021,2021,Farmers Insurance Open,4,"Kodaira, Satoshi",13531,CUT,2,Torrey Pines GC (North),104,73,,,,,,-2.16,,,,,,
pga,2021,2021,Farmers Insurance Open,4,"Redman, Doc",24481,CUT,1,Torrey Pines GC (South),4,73,-2.047,0.538,1.455,0.221,2.214,0.167,286.4,0.571,0.778,0.6,33.867,35.566
pga,2021,2021,Farmers Insurance Open,4,"Redman, Doc",24481,CUT,2,Torrey Pines GC (North),104,71,,,,,,-0.16,,,,,,
pga,2021,2021,Farmers Insurance Open,4,"Stuard, Brian",13022,CUT,1,Torrey Pines GC (South),4,71,1.366,-0.422,1.013,0.21,0.801,2.167,285.1,0.714,0.667,0.625,37.046,27.675
pga,2021,2021,Farmers Insurance Open,4,"Stuard, Brian",13022,CUT,2,Torrey Pines GC (North),104,73,,,,,,-2.16,,,,,,
pga,2021,2021,Farmers Insurance Open,4,"Moore, Ryan",7489,CUT,1,Torrey Pines GC (North),104,70,,,,,,-0.551,,,,,,
pga,2021,2021,Farmers Insurance Open,4,"Moore, Ryan",7489,CUT,2,Torrey Pines GC (South),4,74,-0.661,-0.472,2.057,-0.162,1.424,0.763,275.1,0.714,0.778,0.571,42.91,30.644
pga,2021,2021,Farmers Insurance Open,4,"Brown, Scott",11330,CUT,1,Torrey Pines GC (North),104,71,,,,,,-1.551,,,,,,
pga,2021,2021,Farmers Insurance Open,4,"Brown, Scott",11330,CUT,2,Torrey Pines GC (South),4,73,0.373,1.293,0.836,-0.74,1.39,1.763,278.8,0.571,0.556,1.0,56.614,31.112
pga,2021,2021,Farmers Insurance Open,4,"Kim, Si Woo",14609,CUT,1,Torrey Pines GC (North),104,68,,,,,,1.449,,,,,,
pga,2021,2021,Farmers Insurance Open,4,"Kim, Si Woo",14609,CUT,2,Torrey Pines GC (South),4,76,-1.854,0.316,0.939,-0.639,0.617,-1.237,276.5,0.429,0.611,0.571,38.721,37.508
pga,2021,2021,Farmers Insurance Open,4,"Stallings, Scott",12359,CUT,1,Torrey Pines GC (North),104,69,,,,,,0.449,,,,,,
pga,2021,2021,Farmers Insurance Open,4,"Stallings, Scott",12359,CUT,2,Torrey Pines GC (South),4,75,-1.466,-0.355,0.954,0.629,1.229,-0.237,280.6,0.714,0.667,0.571,40.775,36.431
pga,2021,2021,Farmers Insurance Open,4,"Hughes, Mackenzie",15556,CUT,1,Torrey Pines GC (North),104,70,,,,,,-0.551,,,,,,
pga,2021,2021,Farmers Insurance Open,4,"Hughes, Mackenzie",15556,CUT,2,Torrey Pines GC (South),4,74,0.208,1.623,-0.831,-0.238,0.555,0.763,284.3,0.429,0.5,0.444,34.718,44.358
pga,2021,2021,Farmers Insurance Open,4,"Laird, Martin",9586,CUT,1,Torrey Pines GC (North),104,70,,,,,,-0.551,,,,,,
pga,2021,2021,Farmers Insurance Open,4,"Laird, Martin",9586,CUT,2,Torrey Pines GC (South),4,74,1.729,1.715,-1.778,-0.904,-0.966,0.763,281.2,0.571,0.389,0.727,47.23,34.014
pga,2021,2021,Farmers Insurance Open,4,"Hossler, Beau",15470,CUT,1,Torrey Pines GC (North),104,66,,,,,,3.449,,,,,,
pga,2021,2021,Farmers Insurance Open,4,"Hossler, Beau",15470,CUT,2,Torrey Pines GC (South),4,78,-1.867,-0.36,-1.219,0.208,-1.37,-3.237,290.6,0.5,0.444,0.462,39.572,43.588
pga,2021,2021,Farmers Insurance Open,4,"Spieth, Jordan",14636,CUT,1,Torrey Pines GC (North),104,69,,,,,,0.449,,,,,,
pga,2021,2021,Farmers Insurance Open,4,"Spieth, Jordan",14636,CUT,2,Torrey Pines GC (South),4,75,-0.265,0.407,0.255,-0.635,0.028,-0.237,289.5,0.357,0.5,0.6,59.356,39.782
pga,2021,2021,Farmers Insurance Open,4,"Lebioda, Hank",21943,CUT,1,Torrey Pines GC (North),104,73,,,,,,-3.551,,,,,,
pga,2021,2021,Farmers Insurance Open,4,"Lebioda, Hank",21943,CUT,2,Torrey Pines GC (South),4,71,-0.467,1.053,2.317,0.859,4.23,3.763,288.3,0.929,0.778,0.75,,30.15
pga,2021,2021,Farmers Insurance Open,4,"Noh, Seung-Yul",11117,CUT,1,Torrey Pines GC (North),104,68,,,,,,1.449,,,,,,
pga,2021,2021,Farmers Insurance Open,4,"Noh, Seung-Yul",11117,CUT,2,Torrey Pines GC (South),4,76,0.463,1.397,-2.647,-0.451,-1.7,-1.237,284.6,0.5,0.444,0.818,34.297,43.384
pga,2021,2021,Farmers Insurance Open,4,"Scheffler, Scottie",18417,CUT,1,Torrey Pines GC (North),104,65,,,,,,4.449,,,,,,
pga,2021,2021,Farmers Insurance Open,4,"Scheffler, Scottie",18417,CUT,2,Torrey Pines GC (South),4,79,-4.136,0.064,1.408,-1.574,-0.101,-4.237,288.3,0.5,0.556,0.571,29.266,35.685
pga,2021,2021,Farmers Insurance Open,4,"Streb, Robert",14852,CUT,1,Torrey Pines GC (North),104,68,,,,,,1.449,,,,,,
pga,2021,2021,Farmers Insurance Open,4,"Streb, Robert",14852,CUT,2,Torrey Pines GC (South),4,76,0.812,-0.71,-1.498,0.158,-2.049,-1.237,281.3,0.643,0.5,0.4,43.218,41.496
pga,2021,2021,Farmers Insurance Open,4,"Horschel, Billy",11276,CUT,1,Torrey Pines GC (South),4,76,-0.782,-0.637,-0.07,-1.344,-2.051,-2.833,286.6,0.429,0.5,0.636,58.044,26.761
pga,2021,2021,Farmers Insurance Open,4,"Horschel, Billy",11276,CUT,2,Torrey Pines GC (North),104,69,,,,,,1.84,,,,,,
pga,2021,2021,Farmers Insurance Open,4,"Hadley, Chesson",14967,CUT,1,Torrey Pines GC (South),4,73,0.014,0.367,1.635,-1.849,0.153,0.167,294.1,0.5,0.778,0.5,30.575,33.616
pga,2021,2021,Farmers Insurance Open,4,"Hadley, Chesson",14967,CUT,2,Torrey Pines GC (North),104,72,,,,,,-1.16,,,,,,
pga,2021,2021,Farmers Insurance Open,4,"Duncan, Tyler",18187,CUT,1,Torrey Pines GC (South),4,73,-0.653,-0.235,1.49,-0.435,0.82,0.167,279.8,0.5,0.611,0.7,54.278,28.335
pga,2021,2021,Farmers Insurance Open,4,"Duncan, Tyler",18187,CUT,2,Torrey Pines GC (North),104,72,,,,,,-1.16,,,,,,
pga,2021,2021,Farmers Insurance Open,4,"van Rooyen, Erik",17550,CUT,1,Torrey Pines GC (South),4,74,-1.695,1.157,0.086,-0.381,0.862,-0.833,295.9,0.643,0.556,0.7,21.862,39.382
pga,2021,2021,Farmers Insurance Open,4,"van Rooyen, Erik",17550,CUT,2,Torrey Pines GC (North),104,71,,,,,,-0.16,,,,,,
pga,2021,2021,Farmers Insurance Open,4,"Knox, Russell",13831,CUT,1,Torrey Pines GC (North),104,71,,,,,,-1.551,,,,,,
pga,2021,2021,Farmers Insurance Open,4,"Knox, Russell",13831,CUT,2,Torrey Pines GC (South),4,74,1.853,-0.98,0.559,-0.67,-1.09,0.763,284.1,0.571,0.611,0.625,24.634,43.646
pga,2021,2021,Farmers Insurance Open,4,"Campos, Rafael",12909,CUT,1,Torrey Pines GC (North),104,71,,,,,,-1.551,,,,,,
pga,2021,2021,Farmers Insurance Open,4,"Campos, Rafael",12909,CUT,2,Torrey Pines GC (South),4,74,2.946,-0.925,-1.608,0.349,-2.183,0.763,284.1,0.643,0.556,0.375,30.097,41.626
pga,2021,2021,Farmers Insurance Open,4,"Smith, Cameron",15856,CUT,1,Torrey Pines GC (North),104,66,,,,,,3.449,,,,,,
pga,2021,2021,Farmers Insurance Open,4,"Smith, Cameron",15856,CUT,2,Torrey Pines GC (South),4,79,-2.721,0.937,-1.37,-1.084,-1.516,-4.237,287.7,0.357,0.333,0.385,70.782,44.325
pga,2021,2021,Farmers Insurance Open,4,"du Toit, Jared",22086,CUT,1,Torrey Pines GC (North),104,70,,,,,,-0.551,,,,,,
pga,2021,2021,Farmers Insurance Open,4,"du Toit, Jared",22086,CUT,2,Torrey Pines GC (South),4,75,0.428,0.851,-1.148,-0.369,-0.665,-0.237,286.4,0.429,0.389,0.462,66.548,42.506
pga,2021,2021,Farmers Insurance Open,4,"Schenk, Adam",19477,CUT,1,Torrey Pines GC (South),4,75,-1.094,-0.479,-1.686,1.426,-0.739,-1.833,298.4,0.786,0.5,0.583,51.161,42.469
pga,2021,2021,Farmers Insurance Open,4,"Schenk, Adam",19477,CUT,2,Torrey Pines GC (North),104,71,,,,,,-0.16,,,,,,
pga,2021,2021,Farmers Insurance Open,4,"Holmes, J.B.",7959,CUT,1,Torrey Pines GC (South),4,75,-0.855,0.26,-0.51,-0.728,-0.978,-1.833,293.0,0.429,0.722,0.429,51.709,31.053
pga,2021,2021,Farmers Insurance Open,4,"Holmes, J.B.",7959,CUT,2,Torrey Pines GC (North),104,71,,,,,,-0.16,,,,,,
pga,2021,2021,Farmers Insurance Open,4,"Lee, Kyoung-Hoon",13497,CUT,1,Torrey Pines GC (South),4,74,0.258,-0.335,0.179,-0.935,-1.091,-0.833,287.4,0.5,0.556,0.727,52.838,34.309
pga,2021,2021,Farmers Insurance Open,4,"Lee, Kyoung-Hoon",13497,CUT,2,Torrey Pines GC (North),104,72,,,,,,-1.16,,,,,,
pga,2021,2021,Farmers Insurance Open,4,"Every, Matt",10185,CUT,1,Torrey Pines GC (South),4,76,-0.117,1.474,-3.764,-0.426,-2.716,-2.833,287.7,0.429,0.389,0.545,79.3,23.994
pga,2021,2021,Farmers Insurance Open,4,"Every, Matt",10185,CUT,2,Torrey Pines GC (North),104,70,,,,,,0.84,,,,,,
pga,2021,2021,Farmers Insurance Open,4,"Hickok, Kramer",21237,CUT,1,Torrey Pines GC (South),4,73,0.711,-0.161,-0.205,-0.178,-0.544,0.167,289.5,0.571,0.611,0.636,68.837,25.893
pga,2021,2021,Farmers Insurance Open,4,"Hickok, Kramer",21237,CUT,2,Torrey Pines GC (North),104,73,,,,,,-2.16,,,,,,
pga,2021,2021,Farmers Insurance Open,4,"Gellerman, Michael",19909,CUT,1,Torrey Pines GC (North),104,74,,,,,,-4.551,,,,,,
pga,2021,2021,Farmers Insurance Open,4,"Gellerman, Michael",19909,CUT,2,Torrey Pines GC (South),4,72,1.323,-0.441,1.937,-0.057,1.44,2.763,281.7,0.643,0.667,0.556,42.355,34.969
pga,2021,2021,Farmers Insurance Open,4,"Walker, Jimmy",7293,CUT,1,Torrey Pines GC (North),104,73,,,,,,-3.551,,,,,,
pga,2021,2021,Farmers Insurance Open,4,"Walker, Jimmy",7293,CUT,2,Torrey Pines GC (South),4,73,1.361,0.549,0.195,-0.343,0.402,1.763,286.9,0.429,0.556,0.5,46.109,47.165
pga,2021,2021,Farmers Insurance Open,4,"Young, Cameron",26651,CUT,1,Torrey Pines GC (North),104,74,,,,,,-4.551,,,,,,
pga,2021,2021,Farmers Insurance Open,4,"Young, Cameron",26651,CUT,2,Torrey Pines GC (South),4,72,-0.738,0.659,2.645,0.196,3.501,2.763,299.6,0.571,0.556,0.727,56.048,38.635
pga,2021,2021,Farmers Insurance Open,4,"Lahiri, Anirban",12669,CUT,1,Torrey Pines GC (North),104,68,,,,,,1.449,,,,,,
pga,2021,2021,Farmers Insurance Open,4,"Lahiri, Anirban",12669,CUT,2,Torrey Pines GC (South),4,78,-0.661,-0.066,-1.262,-1.249,-2.576,-3.237,283.5,0.429,0.333,0.364,69.003,44.225
pga,2021,2021,Farmers Insurance Open,4,"Rodgers, Patrick",16283,CUT,1,Torrey Pines GC (North),104,72,,,,,,-2.551,,,,,,
pga,2021,2021,Farmers Insurance Open,4,"Rodgers, Patrick",16283,CUT,2,Torrey Pines GC (South),4,74,-0.386,0.479,0.303,0.366,1.149,0.763,291.8,0.5,0.556,0.625,38.193,35.015
pga,2021,2021,Farmers Insurance Open,4,"Mahan, Hunter",7636,CUT,1,Torrey Pines GC (South),4,76,0.126,-1.891,-1.427,0.359,-2.959,-2.833,291.2,0.714,0.5,0.3,28.314,30.499
pga,2021,2021,Farmers Insurance Open,4,"Mahan, Hunter",7636,CUT,2,Torrey Pines GC (North),104,71,,,,,,-0.16,,,,,,
pga,2021,2021,Farmers Insurance Open,4,"Grillo, Emiliano",12808,CUT,1,Torrey Pines GC (South),4,76,-1.065,-2.185,0.342,0.075,-1.768,-2.833,291.6,0.571,0.5,0.333,44.571,30.281
pga,2021,2021,Farmers Insurance Open,4,"Grillo, Emiliano",12808,CUT,2,Torrey Pines GC (North),104,71,,,,,,-0.16,,,,,,
pga,2021,2021,Farmers Insurance Open,4,"Howell III, Charles",6892,CUT,1,Torrey Pines GC (South),4,80,-4.19,-0.504,-2.01,-0.129,-2.643,-6.833,291.4,0.643,0.556,0.333,25.382,42.122
pga,2021,2021,Farmers Insurance Open,4,"Howell III, Charles",6892,CUT,2,Torrey Pines GC (North),104,67,,,,,,3.84,,,,,,
pga,2021,2021,Farmers Insurance Open,4,"Taylor, Ben",19948,CUT,1,Torrey Pines GC (North),104,73,,,,,,-3.551,,,,,,
pga,2021,2021,Farmers Insurance Open,4,"Taylor, Ben",19948,CUT,2,Torrey Pines GC (South),4,74,-0.293,0.465,0.886,-0.296,1.056,0.763,284.8,0.5,0.611,0.545,26.604,50.973
pga,2021,2021,Farmers Insurance Open,4,"Champ, Cameron",23542,CUT,1,Torrey Pines GC (North),104,68,,,,,,1.449,,,,,,
pga,2021,2021,Farmers Insurance Open,4,"Champ, Cameron",23542,CUT,2,Torrey Pines GC (South),4,79,-4.718,-2.743,1.471,1.752,0.481,-4.237,311.1,0.571,0.667,0.143,38.776,35.716
pga,2021,2021,Farmers Insurance Open,4,"Ventura, Kristoffer",15651,CUT,1,Torrey Pines GC (North),104,72,,,,,,-2.551,,,,,,
pga,2021,2021,Farmers Insurance Open,4,"Ventura, Kristoffer",15651,CUT,2,Torrey Pines GC (South),4,75,1.956,-2.608,-1.069,1.483,-2.193,-0.237,294.3,0.857,0.556,0.538,57.827,38.865
pga,2021,2021,Farmers Insurance Open,4,"Vegas, Jhonattan",13508,CUT,1,Torrey Pines GC (North),104,70,,,,,,-0.551,,,,,,
pga,2021,2021,Farmers Insurance Open,4,"Vegas, Jhonattan",13508,CUT,2,Torrey Pines GC (South),4,77,-0.145,-0.141,-1.654,-0.298,-2.092,-2.237,288.2,0.429,0.389,0.6,49.834,39.054
pga,2021,2021,Farmers Insurance Open,4,"Baker, Chris",13971,CUT,1,Torrey Pines GC (North),104,72,,,,,,-2.551,,,,,,
pga,2021,2021,Farmers Insurance Open,4,"Baker, Chris",13971,CUT,2,Torrey Pines GC (South),4,75,-2.077,-0.672,1.7,0.811,1.84,-0.237,283.5,0.786,0.556,0.333,52.975,26.558
pga,2021,2021,Farmers Insurance Open,4,"Watson, Bubba",7334,CUT,1,Torrey Pines GC (North),104,70,,,,,,-0.551,,,,,,
pga,2021,2021,Farmers Insurance Open,4,"Watson, Bubba",7334,CUT,2,Torrey Pines GC (South),4,77,-1.116,0.012,-1.57,0.436,-1.121,-2.237,286.1,0.643,0.611,0.375,68.767,39.43
pga,2021,2021,Farmers Insurance Open,4,"Baddeley, Aaron",6252,CUT,1,Torrey Pines GC (South),4,75,-0.588,0.377,0.416,-2.038,-1.245,-1.833,281.6,0.286,0.556,0.667,32.841,35.865
pga,2021,2021,Farmers Insurance Open,4,"Baddeley, Aaron",6252,CUT,2,Torrey Pines GC (North),104,73,,,,,,-2.16,,,,,,
pga,2021,2021,Farmers Insurance Open,4,"Mitchell, Keith",17365,CUT,1,Torrey Pines GC (South),4,77,-2.705,-1.475,-0.074,0.421,-1.128,-3.833,299.5,0.429,0.667,0.375,35.63,32.482
pga,2021,2021,Farmers Insurance Open,4,"Mitchell, Keith",17365,CUT,2,Torrey Pines GC (North),104,71,,,,,,-0.16,,,,,,
pga,2021,2021,Farmers Insurance Open,4,"Harrington, Scott",8479,CUT,1,Torrey Pines GC (South),4,74,0.991,0.643,-1.894,-0.573,-1.824,-0.833,296.3,0.286,0.556,0.625,48.87,34.653
pga,2021,2021,Farmers Insurance Open,4,"Harrington, Scott",8479,CUT,2,Torrey Pines GC (North),104,74,,,,,,-3.16,,,,,,
pga,2021,2021,Farmers Insurance Open,4,"Spaun, J.J.",17536,CUT,1,Torrey Pines GC (South),4,74,1.776,0.046,-1.932,-0.723,-2.609,-0.833,281.5,0.571,0.556,0.444,46.829,30.45
pga,2021,2021,Farmers Insurance Open,4,"Spaun, J.J.",17536,CUT,2,Torrey Pines GC (North),104,74,,,,,,-3.16,,,,,,
pga,2021,2021,Farmers Insurance Open,4,"Day, Jason",9771,CUT,1,Torrey Pines GC (South),4,76,-1.269,-1.072,-1.33,0.838,-1.564,-2.833,298.9,0.571,0.556,0.4,41.962,26.671
pga,2021,2021,Farmers Insurance Open,4,"Day, Jason",9771,CUT,2,Torrey Pines GC (North),104,72,,,,,,-1.16,,,,,,
pga,2021,2021,Farmers Insurance Open,4,"Koepka, Brooks",16243,CUT,1,Torrey Pines GC (South),4,72,0.904,-0.957,0.249,0.971,0.263,1.167,303.7,0.571,0.722,0.556,43.417,25.528
pga,2021,2021,Farmers Insurance Open,4,"Koepka, Brooks",16243,CUT,2,Torrey Pines GC (North),104,76,,,,,,-5.16,,,,,,
pga,2021,2021,Farmers Insurance Open,4,"McNealy, Maverick",18634,CUT,1,Torrey Pines GC (South),4,74,-3.087,1.391,-0.844,1.707,2.254,-0.833,298.6,0.786,0.722,0.571,32.94,25.851
pga,2021,2021,Farmers Insurance Open,4,"McNealy, Maverick",18634,CUT,2,Torrey Pines GC (North),104,74,,,,,,-3.16,,,,,,
pga,2021,2021,Farmers Insurance Open,4,"Hoge, Tom",15575,CUT,1,Torrey Pines GC (North),104,70,,,,,,-0.551,,,,,,
pga,2021,2021,Farmers Insurance Open,4,"Hoge, Tom",15575,CUT,2,Torrey Pines GC (South),4,78,0.676,-2.706,-0.799,-0.409,-3.913,-3.237,278.0,0.571,0.5,0.571,64.981,45.23
pga,2021,2021,Farmers Insurance Open,4,"Mack III, Willie",21549,CUT,1,Torrey Pines GC (South),4,74,-0.783,1.078,0.364,-1.492,-0.05,-0.833,294.5,0.286,0.667,0.714,70.728,32.679
pga,2021,2021,Farmers Insurance Open,4,"Mack III, Willie",21549,CUT,2,Torrey Pines GC (North),104,75,,,,,,-4.16,,,,,,
pga,2021,2021,Farmers Insurance Open,4,"Anderson, Mark",12131,CUT,1,Torrey Pines GC (South),4,78,-0.429,-0.687,-1.641,-2.076,-4.404,-4.833,277.7,0.357,0.444,0.6,69.238,32.081
pga,2021,2021,Farmers Insurance Open,4,"Anderson, Mark",12131,CUT,2,Torrey Pines GC (North),104,71,,,,,,-0.16,,,,,,
pga,2021,2021,Farmers Insurance Open,4,"Dahmen, Joel",14509,CUT,1,Torrey Pines GC (South),4,78,-3.373,0.448,-1.12,-0.788,-1.46,-4.833,292.0,0.571,0.5,0.545,58.399,25.084
pga,2021,2021,Farmers Insurance Open,4,"Dahmen, Joel",14509,CUT,2,Torrey Pines GC (North),104,71,,,,,,-0.16,,,,,,
pga,2021,2021,Farmers Insurance Open,4,"Lovemark, Jamie",11382,CUT,1,Torrey Pines GC (South),4,79,-3.953,-0.225,-0.234,-1.421,-1.88,-5.833,285.6,0.5,0.556,0.778,42.075,25.668
pga,2021,2021,Farmers Insurance Open,4,"Lovemark, Jamie",11382,CUT,2,Torrey Pines GC (North),104,70,,,,,,0.84,,,,,,
pga,2021,2021,Farmers Insurance Open,4,"Tway, Kevin",13127,CUT,1,Torrey Pines GC (North),104,69,,,,,,0.449,,,,,,
pga,2021,2021,Farmers Insurance Open,4,"Tway, Kevin",13127,CUT,2,Torrey Pines GC (South),4,80,-2.137,-2.442,-2.106,1.447,-3.1,-5.237,297.7,0.786,0.333,0.267,45.318,43.992
pga,2021,2021,Farmers Insurance Open,4,"Hahn, James",11374,CUT,1,Torrey Pines GC (North),104,70,,,,,,-0.551,,,,,,
pga,2021,2021,Farmers Insurance Open,4,"Hahn, James",11374,CUT,2,Torrey Pines GC (South),4,79,-0.108,-0.19,-2.022,-1.918,-4.129,-4.237,280.3,0.5,0.5,0.5,33.108,38.216
pga,2021,2021,Farmers Insurance Open,4,"Ogletree, Andy",27597,CUT,1,Torrey Pines GC (North),104,72,,,,,,-2.551,,,,,,
pga,2021,2021,Farmers Insurance Open,4,"Ogletree, Andy",27597,CUT,2,Torrey Pines GC (South),4,77,0.231,-2.531,-0.731,0.793,-2.468,-2.237,294.2,0.571,0.5,0.5,36.242,42.359
pga,2021,2021,Farmers Insurance Open,4,"Cappelen, Sebastian",14776,CUT,1,Torrey Pines GC (North),104,70,,,,,,-0.551,,,,,,
pga,2021,2021,Farmers Insurance Open,4,"Cappelen, Sebastian",14776,CUT,2,Torrey Pines GC (South),4,79,-0.525,-2.793,-0.826,-0.094,-3.712,-4.237,286.3,0.5,0.444,0.286,33.124,36.113
pga,2021,2021,Farmers Insurance Open,4,"Varner III, Harold",16602,CUT,1,Torrey Pines GC (South),4,78,-3.39,-1.787,0.192,0.152,-1.443,-4.833,292.6,0.5,0.667,0.286,60.12,28.942
pga,2021,2021,Farmers Insurance Open,4,"Varner III, Harold",16602,CUT,2,Torrey Pines GC (North),104,72,,,,,,-1.16,,,,,,
pga,2021,2021,Farmers Insurance Open,4,"Ledesma, Nelson",15239,CUT,1,Torrey Pines GC (South),4,73,-1.441,-0.16,0.978,0.79,1.608,0.167,293.0,0.714,0.611,0.429,33.198,29.456
pga,2021,2021,Farmers Insurance Open,4,"Ledesma, Nelson",15239,CUT,2,Torrey Pines GC (North),104,77,,,,,,-6.16,,,,,,
pga,2021,2021,Farmers Insurance Open,4,"English, Harris",14577,CUT,1,Torrey Pines GC (South),4,79,-1.767,-3.247,-0.725,-0.094,-4.066,-5.833,284.6,0.5,0.667,0.333,41.539,31.574
pga,2021,2021,Farmers Insurance Open,4,"English, Harris",14577,CUT,2,Torrey Pines GC (North),104,71,,,,,,-0.16,,,,,,
pga,2021,2021,Farmers Insurance Open,4,"Watney, Nick",7955,CUT,1,Torrey Pines GC (North),104,74,,,,,,-4.551,,,,,,
pga,2021,2021,Farmers Insurance Open,4,"Watney, Nick",7955,CUT,2,Torrey Pines GC (South),4,76,0.74,-0.524,-1.134,-0.32,-1.977,-1.237,294.1,0.357,0.444,0.583,51.68,49.759
pga,2021,2021,Farmers Insurance Open,4,"Knous, Jim",16382,CUT,1,Torrey Pines GC (North),104,72,,,,,,-2.551,,,,,,
pga,2021,2021,Farmers Insurance Open,4,"Knous, Jim",16382,CUT,2,Torrey Pines GC (South),4,78,-0.92,-2.44,-0.905,1.027,-2.317,-3.237,294.7,0.643,0.556,0.3,54.527,43.597
pga,2021,2021,Farmers Insurance Open,4,"Brehm, Ryan",10423,CUT,1,Torrey Pines GC (South),4,77,-2.686,-1.082,-1.307,1.242,-1.147,-3.833,316.9,0.5,0.5,0.438,60.37,36.472
pga,2021,2021,Farmers Insurance Open,4,"Brehm, Ryan",10423,CUT,2,Torrey Pines GC (North),104,74,,,,,,-3.16,,,,,,
pga,2021,2021,Farmers Insurance Open,4,"Hearn, David",7340,CUT,1,Torrey Pines GC (North),104,74,,,,,,-4.551,,,,,,
pga,2021,2021,Farmers Insurance Open,4,"Hearn, David",7340,CUT,2,Torrey Pines GC (South),4,77,-1.259,0.478,0.169,-1.626,-0.978,-2.237,266.5,0.571,0.556,0.556,47.853,41.247
pga,2021,2021,Farmers Insurance Open,4,"Oppenheim, Rob",8002,CUT,1,Torrey Pines GC (North),104,72,,,,,,-2.551,,,,,,
pga,2021,2021,Farmers Insurance Open,4,"Oppenheim, Rob",8002,CUT,2,Torrey Pines GC (South),4,79,-2.493,-1.502,0.185,-0.428,-1.744,-4.237,272.2,0.714,0.556,0.455,33.273,33.436
pga,2021,2021,Farmers Insurance Open,4,"Strafaci, Tyler",24450,CUT,1,Torrey Pines GC (South),4,77,0.666,-1.684,-2.939,0.124,-4.499,-3.833,292.8,0.5,0.389,0.588,52.899,45.676
pga,2021,2021,Farmers Insurance Open,4,"Strafaci, Tyler",24450,CUT,2,Torrey Pines GC (North),104,75,,,,,,-4.16,,,,,,
pga,2021,2021,Farmers Insurance Open,4,"Power, Seamus",10104,CUT,1,Torrey Pines GC (South),4,78,-2.879,0.473,-2.583,0.156,-1.954,-4.833,294.2,0.643,0.5,0.667,39.542,41.773
pga,2021,2021,Farmers Insurance Open,4,"Power, Seamus",10104,CUT,2,Torrey Pines GC (North),104,75,,,,,,-4.16,,,,,,
pga,2021,2021,Farmers Insurance Open,4,"Whaley, Vincent",25908,CUT,1,Torrey Pines GC (North),104,72,,,,,,-2.551,,,,,,
pga,2021,2021,Farmers Insurance Open,4,"Whaley, Vincent",25908,CUT,2,Torrey Pines GC (South),4,81,-1.508,0.057,-4.232,-0.555,-4.729,-6.237,293.4,0.429,0.556,0.455,31.04,43.61
pga,2021,2021,Farmers Insurance Open,4,"Gligic, Michael",13404,CUT,1,Torrey Pines GC (South),4,79,-3.204,-0.906,-2.407,0.684,-2.629,-5.833,292.2,0.643,0.556,0.364,39.665,38.547
pga,2021,2021,Farmers Insurance Open,4,"Gligic, Michael",13404,CUT,2,Torrey Pines GC (North),104,77,,,,,,-6.16,,,,,,
pga,2021,2021,Farmers Insurance Open,4,"Gonzales, Andres",11640,CUT,1,Torrey Pines GC (North),104,70,,,,,,-0.551,,,,,,
pga,2021,2021,Farmers Insurance Open,4,"Gonzales, Andres",11640,CUT,2,Torrey Pines GC (South),4,87,-2.861,-3.706,-3.53,-2.141,-9.376,-12.237,282.1,0.429,0.278,0.143,64.484,45.998
pga,2021,2021,Farmers Insurance Open,4,"Senden, John",5207,CUT,1,Torrey Pines GC (North),104,76,,,,,,-6.551,,,,,,
pga,2021,2021,Farmers Insurance Open,4,"Senden, John",5207,CUT,2,Torrey Pines GC (South),4,83,-2.358,-1.831,-2.638,-1.411,-5.879,-8.237,272.4,0.429,0.556,0.143,39.136,48.729
pga,2021,2021,Farmers Insurance Open,4,"Gomez, Fabian",8571,WD,1,Torrey Pines GC (North),104,71,,,,,,-1.551,,,,,,
pga,2021,2021,Farmers Insurance Open,4,"Hoffman, Charley",5768,WD,1,Torrey Pines GC (North),104,75,,,,,,-5.551,,,,,,
pga,2021,2021,Farmers Insurance Open,4,"Trainer, Martin",15634,WD,1,Torrey Pines GC (South),4,77,1.988,-0.456,-5.003,-0.362,-5.821,-3.833,298.8,0.286,0.444,0.583,49.769,57.268
pga,2021,2021,Farmers Insurance Open,4,"Wolff, Matthew",25919,WD,1,Torrey Pines GC (South),4,78,0.186,-1.02,-1.958,-2.041,-5.019,-4.833,309.5,0.357,0.556,0.5,47.407,32.815
pga,2021,2021,Farmers Insurance Open,4,"Villegas, Camilo",9171,WD,1,Torrey Pines GC (South),4,80,-1.62,-1.396,-3.452,-0.365,-5.213,-6.833,279.7,0.5,0.389,0.571,51.053,31.005
