player,player_id,position,team_name,player_game_count,base_attempts,base_dropbacks,behind_los_accuracy_percent,behind_los_aimed_passes,behind_los_attempts,behind_los_attempts_percent,behind_los_avg_depth_of_target,behind_los_avg_time_to_throw,behind_los_bats,behind_los_big_time_throws,behind_los_btt_rate,behind_los_completion_percent,behind_los_completions,behind_los_def_gen_pressures,behind_los_drop_rate,behind_los_dropbacks,behind_los_drops,behind_los_first_downs,behind_los_grades_pass,behind_los_hit_as_threw,behind_los_interceptions,behind_los_passing_snaps,behind_los_pressure_to_sack_rate,behind_los_qb_rating,behind_los_sack_percent,behind_los_sacks,behind_los_scrambles,behind_los_spikes,behind_los_thrown_aways,behind_los_touchdowns,behind_los_turnover_worthy_plays,behind_los_twp_rate,behind_los_yards,behind_los_ypa,center_behind_los_accuracy_percent,center_behind_los_aimed_passes,center_behind_los_attempts,center_behind_los_attempts_percent,center_behind_los_avg_depth_of_target,center_behind_los_avg_time_to_throw,center_behind_los_bats,center_behind_los_big_time_throws,center_behind_los_btt_rate,center_behind_los_completion_percent,center_behind_los_completions,center_behind_los_def_gen_pressures,center_behind_los_drop_rate,center_behind_los_dropbacks,center_behind_los_drops,center_behind_los_first_downs,center_behind_los_grades_pass,center_behind_los_hit_as_threw,center_behind_los_interceptions,center_behind_los_passing_snaps,center_behind_los_pressure_to_sack_rate,center_behind_los_qb_rating,center_behind_los_sack_percent,center_behind_los_sacks,center_behind_los_scrambles,center_behind_los_spikes,center_behind_los_thrown_aways,center_behind_los_touchdowns,center_behind_los_turnover_worthy_plays,center_behind_los_twp_rate,center_behind_los_yards,center_behind_los_ypa,center_deep_accuracy_percent,center_deep_aimed_passes,center_deep_attempts,center_deep_attempts_percent,center_deep_avg_depth_of_target,center_deep_avg_time_to_throw,center_deep_bats,center_deep_big_time_throws,center_deep_btt_rate,center_deep_completion_percent,center_deep_completions,center_deep_def_gen_pressures,center_deep_drop_rate,center_deep_dropbacks,center_deep_drops,center_deep_first_downs,center_deep_grades_pass,center_deep_hit_as_threw,center_deep_interceptions,center_deep_passing_snaps,center_deep_pressure_to_sack_rate,center_deep_qb_rating,center_deep_sack_percent,center_deep_sacks,center_deep_scrambles,center_deep_spikes,center_deep_thrown_aways,center_deep_touchdowns,center_deep_turnover_worthy_plays,center_deep_twp_rate,center_deep_yards,center_deep_ypa,center_medium_accuracy_percent,center_medium_aimed_passes,center_medium_attempts,center_medium_attempts_percent,center_medium_avg_depth_of_target,center_medium_avg_time_to_throw,center_medium_bats,center_medium_big_time_throws,center_medium_btt_rate,center_medium_completion_percent,center_medium_completions,center_medium_def_gen_pressures,center_medium_drop_rate,center_medium_dropbacks,center_medium_drops,center_medium_first_downs,center_medium_grades_pass,center_medium_hit_as_threw,center_medium_interceptions,center_medium_passing_snaps,center_medium_pressure_to_sack_rate,center_medium_qb_rating,center_medium_sack_percent,center_medium_sacks,center_medium_scrambles,center_medium_spikes,center_medium_thrown_aways,center_medium_touchdowns,center_medium_turnover_worthy_plays,center_medium_twp_rate,center_medium_yards,center_medium_ypa,center_short_accuracy_percent,center_short_aimed_passes,center_short_attempts,center_short_attempts_percent,center_short_avg_depth_of_target,center_short_avg_time_to_throw,center_short_bats,center_short_big_time_throws,center_short_btt_rate,center_short_completion_percent,center_short_completions,center_short_def_gen_pressures,center_short_drop_rate,center_short_dropbacks,center_short_drops,center_short_first_downs,center_short_grades_pass,center_short_hit_as_threw,center_short_interceptions,center_short_passing_snaps,center_short_pressure_to_sack_rate,center_short_qb_rating,center_short_sack_percent,center_short_sacks,center_short_scrambles,center_short_spikes,center_short_thrown_aways,center_short_touchdowns,center_short_turnover_worthy_plays,center_short_twp_rate,center_short_yards,center_short_ypa,declined_penalties,deep_accuracy_percent,deep_aimed_passes,deep_attempts,deep_attempts_percent,deep_avg_depth_of_target,deep_avg_time_to_throw,deep_bats,deep_big_time_throws,deep_btt_rate,deep_completion_percent,deep_completions,deep_def_gen_pressures,deep_drop_rate,deep_dropbacks,deep_drops,deep_first_downs,deep_grades_pass,deep_hit_as_threw,deep_interceptions,deep_passing_snaps,deep_pressure_to_sack_rate,deep_qb_rating,deep_sack_percent,deep_sacks,deep_scrambles,deep_spikes,deep_thrown_aways,deep_touchdowns,deep_turnover_worthy_plays,deep_twp_rate,deep_yards,deep_ypa,franchise_id,left_behind_los_accuracy_percent,left_behind_los_aimed_passes,left_behind_los_attempts,left_behind_los_attempts_percent,left_behind_los_avg_depth_of_target,left_behind_los_avg_time_to_throw,left_behind_los_bats,left_behind_los_big_time_throws,left_behind_los_btt_rate,left_behind_los_completion_percent,left_behind_los_completions,left_behind_los_def_gen_pressures,left_behind_los_drop_rate,left_behind_los_dropbacks,left_behind_los_drops,left_behind_los_first_downs,left_behind_los_grades_pass,left_behind_los_hit_as_threw,left_behind_los_interceptions,left_behind_los_passing_snaps,left_behind_los_pressure_to_sack_rate,left_behind_los_qb_rating,left_behind_los_sack_percent,left_behind_los_sacks,left_behind_los_scrambles,left_behind_los_spikes,left_behind_los_thrown_aways,left_behind_los_touchdowns,left_behind_los_turnover_worthy_plays,left_behind_los_twp_rate,left_behind_los_yards,left_behind_los_ypa,left_deep_accuracy_percent,left_deep_aimed_passes,left_deep_attempts,left_deep_attempts_percent,left_deep_avg_depth_of_target,left_deep_avg_time_to_throw,left_deep_bats,left_deep_big_time_throws,left_deep_btt_rate,left_deep_completion_percent,left_deep_completions,left_deep_def_gen_pressures,left_deep_drop_rate,left_deep_dropbacks,left_deep_drops,left_deep_first_downs,left_deep_grades_pass,left_deep_hit_as_threw,left_deep_interceptions,left_deep_passing_snaps,left_deep_pressure_to_sack_rate,left_deep_qb_rating,left_deep_sack_percent,left_deep_sacks,left_deep_scrambles,left_deep_spikes,left_deep_thrown_aways,left_deep_touchdowns,left_deep_turnover_worthy_plays,left_deep_twp_rate,left_deep_yards,left_deep_ypa,left_medium_accuracy_percent,left_medium_aimed_passes,left_medium_attempts,left_medium_attempts_percent,left_medium_avg_depth_of_target,left_medium_avg_time_to_throw,left_medium_bats,left_medium_big_time_throws,left_medium_btt_rate,left_medium_completion_percent,left_medium_completions,left_medium_def_gen_pressures,left_medium_drop_rate,left_medium_dropbacks,left_medium_drops,left_medium_first_downs,left_medium_grades_pass,left_medium_hit_as_threw,left_medium_interceptions,left_medium_passing_snaps,left_medium_pressure_to_sack_rate,left_medium_qb_rating,left_medium_sack_percent,left_medium_sacks,left_medium_scrambles,left_medium_spikes,left_medium_thrown_aways,left_medium_touchdowns,left_medium_turnover_worthy_plays,left_medium_twp_rate,left_medium_yards,left_medium_ypa,left_short_accuracy_percent,left_short_aimed_passes,left_short_attempts,left_short_attempts_percent,left_short_avg_depth_of_target,left_short_avg_time_to_throw,left_short_bats,left_short_big_time_throws,left_short_btt_rate,left_short_completion_percent,left_short_completions,left_short_def_gen_pressures,left_short_drop_rate,left_short_dropbacks,left_short_drops,left_short_first_downs,left_short_grades_pass,left_short_hit_as_threw,left_short_interceptions,left_short_passing_snaps,left_short_pressure_to_sack_rate,left_short_qb_rating,left_short_sack_percent,left_short_sacks,left_short_scrambles,left_short_spikes,left_short_thrown_aways,left_short_touchdowns,left_short_turnover_worthy_plays,left_short_twp_rate,left_short_yards,left_short_ypa,medium_accuracy_percent,medium_aimed_passes,medium_attempts,medium_attempts_percent,medium_avg_depth_of_target,medium_avg_time_to_throw,medium_bats,medium_big_time_throws,medium_btt_rate,medium_completion_percent,medium_completions,medium_def_gen_pressures,medium_drop_rate,medium_dropbacks,medium_drops,medium_first_downs,medium_grades_pass,medium_hit_as_threw,medium_interceptions,medium_passing_snaps,medium_pressure_to_sack_rate,medium_qb_rating,medium_sack_percent,medium_sacks,medium_scrambles,medium_spikes,medium_thrown_aways,medium_touchdowns,medium_turnover_worthy_plays,medium_twp_rate,medium_yards,medium_ypa,penalties,right_behind_los_accuracy_percent,right_behind_los_aimed_passes,right_behind_los_attempts,right_behind_los_attempts_percent,right_behind_los_avg_depth_of_target,right_behind_los_avg_time_to_throw,right_behind_los_bats,right_behind_los_big_time_throws,right_behind_los_btt_rate,right_behind_los_completion_percent,right_behind_los_completions,right_behind_los_def_gen_pressures,right_behind_los_drop_rate,right_behind_los_dropbacks,right_behind_los_drops,right_behind_los_first_downs,right_behind_los_grades_pass,right_behind_los_hit_as_threw,right_behind_los_interceptions,right_behind_los_passing_snaps,right_behind_los_pressure_to_sack_rate,right_behind_los_qb_rating,right_behind_los_sack_percent,right_behind_los_sacks,right_behind_los_scrambles,right_behind_los_spikes,right_behind_los_thrown_aways,right_behind_los_touchdowns,right_behind_los_turnover_worthy_plays,right_behind_los_twp_rate,right_behind_los_yards,right_behind_los_ypa,right_deep_accuracy_percent,right_deep_aimed_passes,right_deep_attempts,right_deep_attempts_percent,right_deep_avg_depth_of_target,right_deep_avg_time_to_throw,right_deep_bats,right_deep_big_time_throws,right_deep_btt_rate,right_deep_completion_percent,right_deep_completions,right_deep_def_gen_pressures,right_deep_drop_rate,right_deep_dropbacks,right_deep_drops,right_deep_first_downs,right_deep_grades_pass,right_deep_hit_as_threw,right_deep_interceptions,right_deep_passing_snaps,right_deep_pressure_to_sack_rate,right_deep_qb_rating,right_deep_sack_percent,right_deep_sacks,right_deep_scrambles,right_deep_spikes,right_deep_thrown_aways,right_deep_touchdowns,right_deep_turnover_worthy_plays,right_deep_twp_rate,right_deep_yards,right_deep_ypa,right_medium_accuracy_percent,right_medium_aimed_passes,right_medium_attempts,right_medium_attempts_percent,right_medium_avg_depth_of_target,right_medium_avg_time_to_throw,right_medium_bats,right_medium_big_time_throws,right_medium_btt_rate,right_medium_completion_percent,right_medium_completions,right_medium_def_gen_pressures,right_medium_drop_rate,right_medium_dropbacks,right_medium_drops,right_medium_first_downs,right_medium_grades_pass,right_medium_hit_as_threw,right_medium_interceptions,right_medium_passing_snaps,right_medium_pressure_to_sack_rate,right_medium_qb_rating,right_medium_sack_percent,right_medium_sacks,right_medium_scrambles,right_medium_spikes,right_medium_thrown_aways,right_medium_touchdowns,right_medium_turnover_worthy_plays,right_medium_twp_rate,right_medium_yards,right_medium_ypa,right_short_accuracy_percent,right_short_aimed_passes,right_short_attempts,right_short_attempts_percent,right_short_avg_depth_of_target,right_short_avg_time_to_throw,right_short_bats,right_short_big_time_throws,right_short_btt_rate,right_short_completion_percent,right_short_completions,right_short_def_gen_pressures,right_short_drop_rate,right_short_dropbacks,right_short_drops,right_short_first_downs,right_short_grades_pass,right_short_hit_as_threw,right_short_interceptions,right_short_passing_snaps,right_short_pressure_to_sack_rate,right_short_qb_rating,right_short_sack_percent,right_short_sacks,right_short_scrambles,right_short_spikes,right_short_thrown_aways,right_short_touchdowns,right_short_turnover_worthy_plays,right_short_twp_rate,right_short_yards,right_short_ypa,short_accuracy_percent,short_aimed_passes,short_attempts,short_attempts_percent,short_avg_depth_of_target,short_avg_time_to_throw,short_bats,short_big_time_throws,short_btt_rate,short_completion_percent,short_completions,short_def_gen_pressures,short_drop_rate,short_dropbacks,short_drops,short_first_downs,short_grades_pass,short_hit_as_threw,short_interceptions,short_passing_snaps,short_pressure_to_sack_rate,short_qb_rating,short_sack_percent,short_sacks,short_scrambles,short_spikes,short_thrown_aways,short_touchdowns,short_turnover_worthy_plays,short_twp_rate,short_yards,short_ypa
Aaron Rodgers,2241,QB,GB,3,134,154,96.4,28,28,20.9,-2.7,1.86,0,0,0.0,96.4,27,4,0.0,28,0,10,67.8,0,0,28,0.0,102.2,0.0,0,0,0,0,1,0,0.0,159,5.7,93.3,15,15,11.2,-3.0,2.05,0,0,0.0,93.3,14,3,0.0,15,0,7,64.3,0,0,15,0.0,111.7,0.0,0,0,0,0,1,0,0.0,82,5.5,50.0,2,2,1.5,27.5,3.15,0,1,50.0,50.0,1,1,0.0,2,0,1,75.9,0,0,2,0.0,135.4,0.0,0,0,0,0,1,0,0.0,32,16.0,60.0,5,5,3.7,13.6,2.72,0,0,0.0,60.0,3,1,0.0,5,0,2,79.2,0,0,5,0.0,91.3,0.0,0,0,0,0,0,0,0.0,47,9.4,88.5,26,26,19.4,4.8,2.12,0,0,0.0,69.2,18,6,21.7,26,5,10,64.7,0,1,29,0.0,85.9,0.0,0,0,0,0,1,3,10.3,183,7.0,0,45.5,11,11,8.2,27.4,3.55,0,3,21.4,45.5,5,5,0.0,11,0,5,77.7,0,1,14,0.0,93.8,0.0,0,0,0,0,2,1,7.1,199,18.1,12,100.0,8,8,6.0,-3.0,1.95,0,0,0.0,100.0,8,0,0.0,8,0,2,66.4,0,0,8,,93.2,0.0,0,0,0,0,0,0,0.0,51,6.4,33.3,6,6,4.5,30.2,3.52,0,2,25.0,33.3,2,3,0.0,6,0,2,70.1,0,0,8,0.0,121.5,0.0,0,0,0,0,1,1,12.5,105,17.5,25.0,8,8,6.0,13.3,2.9,0,0,0.0,25.0,2,3,0.0,8,0,1,51.7,0,0,9,0.0,45.8,0.0,0,0,0,0,0,0,0.0,36,4.5,90.0,20,20,14.9,4.0,2.35,0,0,0.0,90.0,18,3,0.0,20,0,9,62.6,0,1,25,0.0,72.1,0.0,0,0,0,0,0,1,4.0,126,6.3,52.6,19,19,14.2,13.5,3.46,0,1,5.0,52.6,10,7,0.0,19,0,8,76.2,0,0,20,0.0,85.9,0.0,0,0,0,0,0,0,0.0,182,9.6,0,100.0,5,5,3.7,-1.4,1.12,0,0,0.0,100.0,5,1,0.0,5,0,1,64.9,0,0,5,0.0,88.3,0.0,0,0,0,0,0,0,0.0,26,5.2,66.7,3,3,2.2,21.7,3.9,0,0,0.0,66.7,2,1,0.0,3,0,2,71.4,0,1,4,0.0,70.1,0.0,0,0,0,0,0,0,0.0,62,20.7,83.3,6,6,4.5,13.7,4.82,0,1,16.7,83.3,5,3,0.0,6,0,5,89.0,0,0,6,0.0,118.8,0.0,0,0,0,0,0,0,0.0,99,16.5,57.9,19,19,14.2,4.0,2.66,0,1,4.3,57.9,11,8,0.0,19,0,7,69.1,0,0,23,0.0,111.3,0.0,0,0,0,0,2,0,0.0,118,6.2,80.0,65,65,48.5,4.3,2.35,0,1,1.3,72.3,47,17,9.6,65,5,26,67.2,0,2,77,0.0,92.3,0.0,0,0,0,0,3,4,5.2,427,6.6
Carson Palmer,1317,QB,ARZ,3,132,144,92.9,14,14,10.6,-3.0,1.56,0,0,0.0,92.9,13,4,0.0,14,0,2,68.2,0,0,15,0.0,79.8,0.0,0,0,0,0,0,0,0.0,44,3.1,100.0,5,5,3.8,-4.6,2.06,0,0,0.0,100.0,5,3,0.0,5,0,1,65.1,0,0,6,0.0,79.2,0.0,0,0,0,0,0,0,0.0,7,1.4,66.7,3,3,2.3,37.7,2.83,0,2,66.7,66.7,2,1,0.0,3,0,2,96.5,0,0,3,0.0,149.3,0.0,0,0,0,0,2,0,0.0,70,23.3,50.0,18,18,13.6,14.1,2.71,0,2,10.0,44.4,8,12,11.1,18,1,8,60.4,0,1,20,0.0,48.4,0.0,0,0,0,0,0,3,15.0,140,7.8,71.9,32,32,24.2,4.5,2.37,0,0,0.0,68.8,22,7,4.3,32,1,13,64.7,0,1,34,0.0,79.6,0.0,0,0,0,0,0,0,0.0,255,8.0,0,55.0,20,20,15.2,27.9,2.88,0,6,27.3,45.0,9,8,18.2,20,2,9,84.7,0,1,22,0.0,110.4,0.0,0,0,0,0,3,3,13.6,267,13.4,1,100.0,4,4,3.0,-2.8,1.28,0,0,0.0,100.0,4,0,0.0,4,0,1,64.2,0,0,4,,90.6,0.0,0,0,0,0,0,0,0.0,23,5.8,45.5,11,11,8.3,25.2,2.75,0,2,15.4,45.5,5,4,0.0,11,0,5,52.2,0,1,13,0.0,54.2,0.0,0,0,0,0,0,3,23.1,160,14.5,50.0,10,10,7.6,13.4,2.75,0,1,9.1,50.0,5,4,0.0,10,0,3,53.0,0,0,11,0.0,75.4,0.0,0,0,0,0,0,1,9.1,76,7.6,78.6,14,14,10.6,4.0,2.24,0,0,0.0,64.3,9,3,18.2,14,2,4,44.1,0,1,14,0.0,63.7,0.0,0,0,0,0,1,2,14.3,47,3.4,54.3,35,35,26.5,13.7,2.75,0,4,10.0,48.6,17,19,10.5,35,2,14,66.3,0,1,40,0.0,63.4,0.0,0,0,0,0,0,4,10.0,275,7.9,0,80.0,5,5,3.8,-1.6,1.3,0,0,0.0,80.0,4,1,0.0,5,0,0,64.9,0,0,5,0.0,79.2,0.0,0,0,0,0,0,0,0.0,14,2.8,66.7,6,6,4.5,28.0,3.12,0,2,33.3,33.3,2,3,50.0,6,2,2,92.0,0,0,6,0.0,95.1,0.0,0,0,0,0,1,0,0.0,37,6.2,71.4,7,7,5.3,13.4,2.84,0,1,11.1,57.1,4,3,20.0,7,1,3,85.1,0,0,9,0.0,84.8,0.0,0,0,0,0,0,0,0.0,59,8.4,62.5,8,8,6.1,5.1,1.95,0,0,0.0,62.5,5,1,0.0,8,0,2,67.4,0,0,9,0.0,73.4,0.0,0,0,0,0,0,0,0.0,37,4.6,72.2,54,54,40.9,4.4,2.27,0,0,0.0,66.7,36,11,7.7,54,3,19,59.1,0,2,57,0.0,74.5,0.0,0,0,0,0,1,2,3.5,339,6.3
Carson Wentz,10636,QB,PHI,3,116,137,82.4,17,17,14.7,-3.8,1.69,0,0,0.0,64.7,11,1,21.4,17,3,4,52.0,0,1,17,0.0,45.7,0.0,0,0,0,0,0,1,5.9,58,3.4,70.0,10,10,8.6,-3.9,1.83,0,0,0.0,40.0,4,1,42.9,10,3,1,44.5,0,1,10,0.0,8.3,0.0,0,0,0,0,0,1,10.0,25,2.5,16.7,6,6,5.2,42.3,3.65,0,0,0.0,16.7,1,0,0.0,6,0,1,36.8,0,0,6,,42.4,0.0,0,0,0,0,0,2,33.3,22,3.7,76.9,13,13,11.2,12.5,2.78,0,1,7.1,76.9,10,5,0.0,13,0,9,90.7,0,0,14,0.0,133.8,0.0,0,0,0,0,1,0,0.0,131,10.1,85.2,27,27,23.3,6.2,2.0,0,0,0.0,77.8,21,3,8.7,27,2,11,89.5,0,0,27,0.0,109.7,0.0,0,0,0,0,1,0,0.0,199,7.4,0,31.3,16,16,13.8,37.3,3.96,0,2,11.1,25.0,4,5,20.0,16,1,4,42.2,0,0,18,0.0,88.8,0.0,0,0,0,0,1,4,22.2,157,9.8,24,100.0,2,2,1.7,-3.5,1.1,0,0,0.0,100.0,2,0,0.0,2,0,0,62.0,0,0,2,,79.2,0.0,0,0,0,0,0,0,0.0,2,1.0,40.0,10,10,8.6,34.2,4.15,0,2,20.0,30.0,3,5,25.0,10,1,3,53.8,0,0,10,0.0,112.5,0.0,0,0,0,0,1,2,20.0,135,13.5,81.8,11,11,9.5,13.4,3.35,0,0,0.0,81.8,9,4,0.0,11,0,7,88.8,0,0,11,0.0,149.1,0.0,0,0,0,0,1,0,0.0,143,13.0,60.0,5,5,4.3,5.4,2.28,0,0,0.0,60.0,3,0,0.0,5,0,2,46.3,0,0,5,,74.6,0.0,0,0,0,0,0,1,20.0,27,5.4,81.5,27,27,23.3,13.2,3.0,0,1,3.6,77.8,21,9,4.5,27,1,18,92.8,0,0,28,0.0,138.1,0.0,0,0,0,0,2,0,0.0,303,11.2,0,100.0,5,5,4.3,-3.6,1.66,0,0,0.0,100.0,5,0,0.0,5,0,3,64.6,0,0,5,,92.5,0.0,0,0,0,0,0,0,0.0,31,6.2,,0,0,0.0,,,0,0,0.0,,0,0,,0,0,0,52.3,0,0,2,,0.0,,0,0,0,0,0,0,0.0,0,,100.0,3,3,2.6,15.7,2.67,0,0,0.0,66.7,2,0,33.3,3,1,2,73.6,0,0,3,,97.9,0.0,0,0,0,0,0,0,0.0,29,9.7,86.7,15,15,12.9,4.4,2.43,0,0,0.0,80.0,12,2,7.7,15,1,5,80.3,0,1,17,0.0,81.1,0.0,0,0,0,0,1,0,0.0,72,4.8,83.0,47,47,40.5,5.6,2.17,0,0,0.0,76.6,36,5,7.7,47,3,18,86.1,0,1,49,0.0,97.7,0.0,0,0,0,0,2,1,2.0,298,6.3
Russell Wilson,7077,QB,SEA,3,115,133,100.0,10,10,8.7,-3.1,3.44,0,0,0.0,90.0,9,5,10.0,10,1,3,66.3,0,0,10,0.0,91.7,0.0,0,0,0,0,0,0,0.0,60,6.0,100.0,5,5,4.3,-3.4,3.42,0,0,0.0,80.0,4,2,20.0,5,1,1,64.2,0,0,5,0.0,87.5,0.0,0,0,0,0,0,0,0.0,25,5.0,50.0,2,2,1.7,23.0,2.3,0,1,33.3,50.0,1,0,0.0,2,0,1,65.4,0,0,3,,135.4,0.0,0,0,0,0,1,0,0.0,27,13.5,50.0,14,14,12.2,13.6,2.26,0,0,0.0,35.7,5,6,28.6,14,2,5,57.1,0,0,14,0.0,53.0,0.0,0,0,0,0,0,1,7.1,71,5.1,77.8,27,27,23.5,3.8,2.46,0,0,0.0,70.4,19,9,9.5,27,2,8,65.4,0,0,28,0.0,110.0,0.0,0,0,0,0,2,1,3.6,159,5.9,0,33.3,15,15,13.0,27.7,2.87,0,5,27.8,33.3,5,6,0.0,15,0,5,88.5,0,0,18,0.0,99.6,0.0,0,0,0,0,1,0,0.0,171,11.4,29,,0,0,0.0,,,0,0,,,0,0,,0,0,0,,0,0,0,,0.0,,0,0,0,0,0,0,,0,,37.5,8,8,7.0,26.9,2.49,0,3,33.3,37.5,3,3,0.0,8,0,3,92.1,0,0,9,0.0,85.4,0.0,0,0,0,0,0,0,0.0,110,13.8,40.0,10,10,8.7,13.8,3.2,0,1,10.0,30.0,3,5,25.0,10,1,3,52.8,0,0,10,0.0,75.8,0.0,0,0,0,0,1,1,10.0,37,3.7,70.0,10,10,8.7,4.0,2.37,0,0,0.0,70.0,7,4,0.0,10,0,3,58.7,0,0,10,0.0,82.5,0.0,0,0,0,0,0,0,0.0,53,5.3,48.4,31,31,27.0,14.0,2.93,0,1,3.2,38.7,12,14,20.0,31,3,12,58.8,0,0,31,0.0,69.4,0.0,0,0,0,0,1,2,6.5,181,5.8,0,100.0,5,5,4.3,-2.8,3.46,0,0,0.0,100.0,5,3,0.0,5,0,2,64.6,0,0,5,0.0,95.8,0.0,0,0,0,0,0,0,0.0,35,7.0,20.0,5,5,4.3,31.0,3.72,0,1,16.7,20.0,1,3,0.0,5,0,1,68.2,0,0,6,0.0,55.4,0.0,0,0,0,0,0,0,0.0,34,6.8,57.1,7,7,6.1,15.1,3.86,0,0,0.0,57.1,4,3,0.0,7,0,4,70.3,0,0,7,0.0,93.2,0.0,0,0,0,0,0,0,0.0,73,10.4,93.3,15,15,13.0,4.2,2.39,0,1,6.7,93.3,14,2,0.0,15,0,7,75.5,0,0,15,0.0,118.1,0.0,0,0,0,0,1,0,0.0,105,7.0,80.8,52,52,45.2,4.0,2.43,0,1,1.9,76.9,40,15,4.8,52,2,18,69.6,0,0,53,0.0,110.8,0.0,0,0,0,0,3,1,1.9,317,6.1
DeShone Kizer,11807,QB,CLV,3,108,130,88.9,9,9,8.3,-4.0,1.83,0,0,0.0,88.9,8,0,0.0,9,0,2,37.3,0,1,9,,39.6,0.0,0,0,0,0,0,1,11.1,24,2.7,83.3,6,6,5.6,-3.7,2.22,0,0,0.0,83.3,5,0,0.0,6,0,2,29.9,0,1,6,,43.8,0.0,0,0,0,0,0,1,16.7,24,4.0,66.7,3,3,2.8,32.3,3.13,0,1,25.0,66.7,2,0,0.0,3,0,2,80.3,0,0,4,,109.7,0.0,0,0,0,0,0,0,0.0,64,21.3,30.0,10,10,9.3,15.6,2.7,0,0,0.0,20.0,2,3,33.3,10,1,2,31.6,0,2,12,0.0,5.4,0.0,0,0,0,0,0,2,16.7,43,4.3,83.3,18,18,16.7,5.1,2.87,0,0,0.0,83.3,15,4,0.0,18,0,10,63.5,0,0,22,0.0,107.9,0.0,0,0,0,0,0,1,4.5,178,9.9,0,42.9,21,21,19.4,28.2,2.97,0,4,18.2,38.1,8,6,11.1,21,1,8,81.1,0,2,22,0.0,37.7,0.0,0,0,0,0,0,2,9.1,219,10.4,8,100.0,1,1,0.9,-4.0,1.0,0,0,0.0,100.0,1,0,0.0,1,0,0,60.1,0,0,1,,79.2,0.0,0,0,0,0,0,0,0.0,-5,-5.0,50.0,6,6,5.6,23.5,2.53,0,2,33.3,33.3,2,2,33.3,6,1,2,76.3,0,1,6,0.0,36.1,0.0,0,0,0,0,0,1,16.7,66,11.0,0.0,3,3,2.8,16.0,2.77,0,0,0.0,0.0,0,0,,3,0,0,44.4,0,0,4,,39.6,0.0,0,0,0,0,0,0,0.0,0,0.0,100.0,10,10,9.3,3.0,2.03,0,0,0.0,80.0,8,1,20.0,10,2,3,73.0,0,0,10,0.0,127.1,0.0,0,0,0,0,2,0,0.0,50,5.0,34.8,23,23,21.3,14.6,2.78,0,0,0.0,30.4,7,9,12.5,23,1,7,37.9,0,4,28,0.0,21.0,0.0,0,0,0,0,1,4,14.3,103,4.5,0,100.0,2,2,1.9,-5.0,1.1,0,0,0.0,100.0,2,0,0.0,2,0,0,62.1,0,0,2,,79.2,0.0,0,0,0,0,0,0,0.0,5,2.5,33.3,12,12,11.1,29.5,3.14,0,1,8.3,33.3,4,4,0.0,12,0,4,71.0,0,1,12,0.0,26.0,0.0,0,0,0,0,0,1,8.3,89,7.4,50.0,10,10,9.3,13.1,2.87,0,0,0.0,50.0,5,6,0.0,10,0,5,56.7,0,2,12,0.0,62.5,0.0,0,0,0,0,1,2,16.7,60,6.0,76.5,17,17,15.7,4.1,2.95,0,0,0.0,64.7,11,5,15.4,17,2,2,64.8,0,0,19,0.0,73.7,0.0,0,0,0,0,0,1,5.3,72,4.2,84.4,45,45,41.7,4.2,2.72,0,0,0.0,75.6,34,10,10.5,45,4,15,68.7,0,0,51,0.0,107.6,0.0,0,0,0,0,2,2,3.9,300,6.7
Eli Manning,1722,QB,NYG,3,117,125,100.0,14,14,12.0,-2.7,2.4,0,0,0.0,100.0,14,2,0.0,14,0,4,67.6,0,0,14,0.0,88.1,0.0,0,0,0,0,0,0,0.0,72,5.1,100.0,7,7,6.0,-2.9,2.53,0,0,0.0,100.0,7,0,0.0,7,0,2,65.5,0,0,7,,81.0,0.0,0,0,0,0,0,0,0.0,24,3.4,100.0,1,1,0.9,21.0,2.2,0,0,0.0,100.0,1,0,0.0,1,0,1,72.1,0,0,2,,158.3,0.0,0,0,0,0,1,0,0.0,18,18.0,66.7,9,9,7.7,12.8,2.33,0,1,10.0,66.7,6,3,0.0,9,0,4,68.6,0,1,10,0.0,107.2,0.0,0,0,0,0,1,2,20.0,155,17.2,80.5,41,41,35.0,5.7,1.98,0,0,0.0,73.2,30,5,9.1,41,3,12,59.3,0,2,44,0.0,65.4,0.0,0,0,0,0,0,1,2.3,223,5.4,0,37.5,8,8,6.8,30.6,2.64,0,1,9.1,25.0,2,2,33.3,8,1,2,67.5,0,1,11,0.0,56.3,0.0,0,0,0,0,1,1,9.1,56,7.0,21,100.0,2,2,1.7,-2.5,2.45,0,0,0.0,100.0,2,0,0.0,2,0,1,62.1,0,0,2,,100.0,0.0,0,0,0,0,0,0,0.0,16,8.0,0.0,4,4,3.4,34.0,2.8,0,0,0.0,0.0,0,2,,4,0,0,54.5,0,1,5,0.0,0.0,0.0,0,0,0,0,0,1,20.0,0,0.0,83.3,6,6,5.1,12.5,2.27,0,1,16.7,83.3,5,2,0.0,6,0,5,80.9,0,0,6,0.0,154.2,0.0,0,0,0,0,1,0,0.0,69,11.5,71.4,14,14,12.0,4.5,2.05,0,1,7.1,64.3,9,2,10.0,14,1,3,72.4,0,0,14,0.0,75.9,0.0,0,0,0,0,0,0,0.0,68,4.9,81.0,21,21,17.9,13.2,2.38,0,2,9.1,81.0,17,6,0.0,21,0,15,89.6,0,1,22,0.0,138.5,0.0,0,0,0,0,3,2,9.1,316,15.0,0,100.0,5,5,4.3,-2.6,2.2,0,0,0.0,100.0,5,2,0.0,5,0,1,64.5,0,0,5,0.0,93.3,0.0,0,0,0,0,0,0,0.0,32,6.4,66.7,3,3,2.6,29.3,2.57,0,1,25.0,33.3,1,0,50.0,3,1,1,71.1,0,0,4,,81.9,0.0,0,0,0,0,0,0,0.0,38,12.7,100.0,6,6,5.1,14.7,2.55,0,0,0.0,100.0,6,1,0.0,6,0,6,92.4,0,0,6,0.0,158.3,0.0,0,0,0,0,1,0,0.0,92,15.3,82.4,17,17,14.5,4.0,2.54,0,0,0.0,82.4,14,5,0.0,17,0,3,69.2,0,0,19,0.0,88.7,0.0,0,0,0,0,0,0,0.0,90,5.3,79.2,72,72,61.5,5.1,2.13,0,1,1.3,73.6,53,12,7.0,72,4,18,66.3,0,2,77,0.0,73.9,0.0,0,0,0,0,0,1,1.3,381,5.3
Tom Brady,698,QB,NE,3,110,123,100.0,11,11,10.0,-4.0,2.06,0,0,0.0,100.0,11,2,0.0,11,0,2,66.8,0,0,11,0.0,99.6,0.0,0,0,0,0,0,0,0.0,87,7.9,100.0,11,11,10.0,-4.0,2.06,0,0,0.0,100.0,11,2,0.0,11,0,2,66.8,0,0,11,0.0,99.6,0.0,0,0,0,0,0,0,0.0,87,7.9,44.4,9,9,8.2,29.4,3.0,0,1,10.0,44.4,4,2,0.0,9,0,4,79.6,0,0,10,0.0,130.8,0.0,0,0,0,0,2,0,0.0,138,15.3,70.0,10,10,9.1,13.6,2.7,0,0,0.0,60.0,6,0,14.3,10,1,6,83.8,0,0,12,,100.0,0.0,0,0,0,0,0,0,0.0,115,11.5,80.0,20,20,18.2,5.5,2.23,0,0,0.0,70.0,14,4,12.5,20,2,8,66.5,0,0,22,0.0,93.8,0.0,0,0,0,0,0,1,4.5,160,8.0,0,54.5,22,22,20.0,29.7,3.12,0,8,33.3,50.0,11,10,8.3,22,1,11,97.7,0,0,24,0.0,135.4,0.0,0,0,0,0,4,0,0.0,368,16.7,19,,0,0,0.0,,,0,0,,,0,0,,0,0,0,,0,0,0,,0.0,,0,0,0,0,0,0,,0,,55.6,9,9,8.2,30.6,3.27,0,5,50.0,44.4,4,4,20.0,9,1,4,98.7,0,0,10,0.0,128.2,0.0,0,0,0,0,1,0,0.0,161,17.9,64.3,14,14,12.7,14.9,2.62,0,1,6.3,64.3,9,3,0.0,14,0,8,72.6,0,0,16,0.0,136.9,0.0,0,0,0,0,3,0,0.0,140,10.0,76.2,21,21,19.1,4.8,2.09,0,0,0.0,71.4,15,6,6.3,21,1,6,68.5,0,0,23,0.0,88.8,0.0,0,0,0,0,0,0,0.0,137,6.5,63.0,27,27,24.5,14.4,2.71,0,2,6.3,59.3,16,4,5.9,27,1,15,80.9,0,0,32,0.0,138.6,0.0,0,0,0,0,4,0,0.0,308,11.4,0,,0,0,0.0,,,0,0,,,0,0,,0,0,0,,0,0,0,,0.0,,0,0,0,0,0,0,,0,,75.0,4,4,3.6,28.3,3.08,0,2,50.0,75.0,3,4,0.0,4,0,3,92.6,0,0,4,0.0,156.3,0.0,0,0,0,0,1,0,0.0,69,17.3,33.3,3,3,2.7,15.3,3.17,0,1,25.0,33.3,1,1,0.0,3,0,1,64.5,0,0,4,0.0,121.5,0.0,0,0,0,0,1,0,0.0,53,17.7,100.0,4,4,3.6,3.8,2.33,0,0,0.0,100.0,4,1,0.0,4,0,2,62.8,0,0,4,0.0,100.0,0.0,0,0,0,0,0,0,0.0,32,8.0,80.0,45,45,40.9,5.0,2.17,0,0,0.0,73.3,33,11,8.3,45,3,16,69.3,0,0,49,0.0,93.7,0.0,0,0,0,0,0,1,2.0,329,7.3
Trevor Siemian,9683,QB,DEN,3,100,121,90.0,10,10,10.0,-2.2,1.96,0,0,0.0,90.0,9,0,0.0,10,0,2,61.7,0,1,10,,74.2,0.0,0,0,0,0,1,0,0.0,33,3.3,80.0,5,5,5.0,-1.8,2.14,0,0,0.0,80.0,4,0,0.0,5,0,1,57.8,0,1,5,,45.4,0.0,0,0,0,0,0,0,0.0,22,4.4,0.0,1,1,1.0,23.0,5.8,0,0,0.0,0.0,0,1,,1,0,0,52.5,0,0,1,0.0,39.6,0.0,0,0,0,0,0,0,0.0,0,0.0,66.7,9,9,9.0,13.2,2.14,0,1,10.0,55.6,5,2,16.7,9,1,5,69.4,0,0,10,0.0,114.6,0.0,0,0,0,0,1,0,0.0,63,7.0,87.0,23,23,23.0,5.5,1.86,0,0,0.0,87.0,20,3,0.0,23,0,10,66.2,0,0,25,0.0,132.4,0.0,0,0,0,0,2,1,4.0,203,8.8,0,41.7,12,12,12.0,26.7,3.4,0,4,33.3,33.3,4,5,20.0,12,1,4,91.2,0,1,12,0.0,40.6,0.0,0,0,0,0,0,0,0.0,131,10.9,10,100.0,2,2,2.0,-1.5,1.45,0,0,0.0,100.0,2,0,0.0,2,0,0,62.1,0,0,2,,79.2,0.0,0,0,0,0,0,0,0.0,1,0.5,33.3,6,6,6.0,24.3,3.72,0,2,33.3,16.7,1,2,50.0,6,1,1,77.4,0,1,6,0.0,7.6,0.0,0,0,0,0,0,0,0.0,29,4.8,50.0,8,8,8.0,14.0,2.43,0,0,0.0,50.0,4,3,0.0,8,0,3,44.6,0,0,9,0.0,72.9,0.0,0,0,0,0,0,0,0.0,56,7.0,75.0,12,12,12.0,4.8,1.96,0,0,0.0,66.7,8,4,11.1,12,1,3,46.2,0,0,14,0.0,74.7,0.0,0,0,0,0,0,1,7.1,49,4.1,62.5,24,24,24.0,13.9,2.43,0,3,11.5,58.3,14,8,6.7,24,1,13,69.4,0,1,26,0.0,96.2,0.0,0,0,0,0,2,0,0.0,202,8.4,0,100.0,3,3,3.0,-3.3,2.0,0,0,0.0,100.0,3,0,0.0,3,0,1,63.1,0,0,3,,120.1,0.0,0,0,0,0,1,0,0.0,10,3.3,60.0,5,5,5.0,30.2,2.54,0,2,40.0,60.0,3,2,0.0,5,0,3,94.2,0,0,5,0.0,104.2,0.0,0,0,0,0,0,0,0.0,102,20.4,71.4,7,7,7.0,14.6,2.79,0,2,28.6,71.4,5,3,0.0,7,0,5,88.9,0,1,7,0.0,111.0,0.0,0,0,0,0,1,0,0.0,83,11.9,66.7,12,12,12.0,4.4,2.13,0,0,0.0,66.7,8,2,0.0,12,0,4,39.5,0,1,12,0.0,82.3,0.0,0,0,0,0,1,1,8.3,91,7.6,78.7,47,47,47.0,5.0,1.95,0,0,0.0,76.6,36,9,2.7,47,1,17,50.3,0,1,51,0.0,108.7,0.0,0,0,0,0,3,3,5.9,343,7.3
Matthew Stafford,4924,QB,DET,3,107,119,100.0,9,9,8.4,-2.7,1.44,0,0,0.0,100.0,9,0,0.0,9,0,1,66.6,0,0,10,,84.3,0.0,0,0,0,0,0,0,0.0,38,4.2,100.0,7,7,6.5,-2.9,1.51,0,0,0.0,100.0,7,0,0.0,7,0,0,66.1,0,0,8,,86.3,0.0,0,0,0,0,0,0,0.0,33,4.7,50.0,4,4,3.7,32.8,2.93,0,1,25.0,50.0,2,2,0.0,4,0,2,80.6,0,0,4,0.0,135.4,0.0,0,0,0,0,1,0,0.0,74,18.5,81.8,11,11,10.3,12.2,2.45,0,0,0.0,63.6,7,3,22.2,11,2,6,85.5,0,0,11,0.0,97.2,0.0,0,0,0,0,0,0,0.0,111,10.1,90.6,32,32,29.9,3.2,2.2,0,0,0.0,81.3,26,7,10.3,32,3,13,69.2,0,1,32,0.0,99.9,0.0,0,0,0,0,2,1,3.1,195,6.1,0,38.5,13,13,12.1,33.4,3.08,0,2,11.1,30.8,4,6,20.0,13,1,4,58.9,0,0,18,0.0,109.6,0.0,0,0,0,0,2,2,11.1,132,10.2,11,100.0,1,1,0.9,-1.0,1.5,0,0,0.0,100.0,1,0,0.0,1,0,0,60.4,0,0,1,,79.2,0.0,0,0,0,0,0,0,0.0,-1,-1.0,0.0,3,3,2.8,39.3,2.87,0,0,0.0,0.0,0,1,,3,0,0,32.8,0,0,6,0.0,39.6,0.0,0,0,0,0,0,2,33.3,0,0.0,66.7,6,6,5.6,14.0,2.87,0,2,28.6,66.7,4,1,0.0,6,0,4,79.1,0,0,7,0.0,140.3,0.0,0,0,0,0,1,0,0.0,62,10.3,66.7,9,9,8.4,4.2,2.8,0,0,0.0,55.6,5,4,16.7,9,1,1,62.8,0,0,9,0.0,98.8,0.0,0,0,0,0,1,0,0.0,29,3.2,66.7,27,27,25.2,13.1,2.73,0,4,13.8,59.3,16,8,11.1,27,2,15,85.9,0,0,29,0.0,114.3,0.0,0,0,0,0,2,1,3.4,247,9.1,0,100.0,1,1,0.9,-3.0,0.9,0,0,0.0,100.0,1,0,0.0,1,0,1,60.0,0,0,1,,91.7,0.0,0,0,0,0,0,0,0.0,6,6.0,50.0,6,6,5.6,30.8,3.28,0,1,12.5,33.3,2,3,33.3,6,1,2,67.1,0,0,8,0.0,109.7,0.0,0,0,0,0,1,0,0.0,58,9.7,50.0,10,10,9.3,13.6,2.94,0,2,18.2,50.0,5,4,0.0,10,0,5,70.8,0,0,11,0.0,107.9,0.0,0,0,0,0,1,1,9.1,74,7.4,90.0,10,10,9.3,2.4,2.24,0,0,0.0,90.0,9,6,0.0,10,0,3,65.7,0,0,11,0.0,82.1,0.0,0,0,0,0,0,0,0.0,37,3.7,86.3,51,51,47.7,3.2,2.31,0,0,0.0,78.4,40,17,9.1,51,4,17,69.3,0,1,52,0.0,99.4,0.0,0,0,0,0,3,1,1.9,261,5.1
Ben Roethlisberger,1732,QB,PIT,3,110,117,95.2,21,21,19.1,-3.1,1.84,0,0,0.0,85.7,18,2,10.0,21,2,4,69.3,0,0,23,0.0,123.3,0.0,0,0,0,0,3,0,0.0,86,4.1,92.3,13,13,11.8,-3.0,2.12,0,0,0.0,92.3,12,1,0.0,13,0,3,67.7,0,0,14,0.0,128.7,0.0,0,0,0,0,2,0,0.0,70,5.4,40.0,5,5,4.5,30.0,3.1,0,1,16.7,20.0,1,1,50.0,5,1,1,82.7,0,1,6,0.0,6.7,0.0,0,0,0,0,0,1,16.7,23,4.6,50.0,18,18,16.4,13.4,2.56,0,1,5.3,38.9,7,2,22.2,18,2,7,64.9,0,0,19,0.0,101.4,0.0,0,0,0,0,2,0,0.0,129,7.2,88.0,25,25,22.7,2.9,2.27,0,0,0.0,80.0,20,3,9.1,25,2,6,60.7,0,0,27,0.0,91.2,0.0,0,0,0,0,0,1,3.7,147,5.9,0,31.3,16,16,14.5,36.6,3.02,0,3,15.8,25.0,4,4,20.0,16,1,4,74.1,0,1,19,0.0,35.9,0.0,0,0,0,0,0,2,10.5,134,8.4,25,100.0,3,3,2.7,-2.7,1.6,0,0,0.0,66.7,2,1,33.3,3,1,1,64.1,0,0,4,0.0,116.7,0.0,0,0,0,0,1,0,0.0,14,4.7,40.0,5,5,4.5,42.0,3.54,0,1,16.7,40.0,2,2,0.0,5,0,2,73.9,0,0,6,0.0,87.5,0.0,0,0,0,0,0,0,0.0,89,17.8,100.0,4,4,3.6,13.3,2.83,0,0,0.0,100.0,4,2,0.0,4,0,4,78.9,0,0,4,0.0,118.8,0.0,0,0,0,0,0,0,0.0,54,13.5,88.9,9,9,8.2,5.2,2.16,0,0,0.0,88.9,8,2,0.0,9,0,5,73.3,0,0,10,0.0,104.6,0.0,0,0,0,0,0,0,0.0,82,9.1,54.8,31,31,28.2,13.5,2.64,0,1,3.0,48.4,15,5,11.8,31,2,14,65.2,0,0,33,0.0,96.3,0.0,0,0,0,0,2,2,6.1,241,7.8,0,100.0,5,5,4.5,-3.8,1.26,0,0,0.0,80.0,4,0,20.0,5,1,0,64.6,0,0,5,,79.2,0.0,0,0,0,0,0,0,0.0,2,0.4,16.7,6,6,5.5,37.7,2.52,0,1,14.3,16.7,1,1,0.0,6,0,1,54.0,0,0,7,0.0,42.4,0.0,0,0,0,0,0,1,14.3,22,3.7,44.4,9,9,8.2,13.9,2.72,0,0,0.0,44.4,4,1,0.0,9,0,3,53.3,0,0,10,0.0,66.0,0.0,0,0,0,0,0,2,20.0,58,6.4,100.0,4,4,3.6,3.8,1.45,0,0,0.0,100.0,4,0,0.0,4,0,2,79.0,0,0,4,,118.8,0.0,0,0,0,0,0,0,0.0,51,12.8,89.5,38,38,34.5,3.5,2.16,0,0,0.0,84.2,32,5,5.9,38,2,13,70.9,0,0,41,0.0,97.4,0.0,0,0,0,0,0,1,2.4,280,7.4
Dak Prescott,10769,QB,DAL,3,107,117,91.7,12,12,11.2,-2.4,2.36,0,0,0.0,91.7,11,3,0.0,12,0,2,62.6,0,0,12,0.0,86.8,0.0,0,0,0,0,0,0,0.0,58,4.8,100.0,6,6,5.6,-2.5,1.7,0,0,0.0,100.0,6,0,0.0,6,0,2,64.6,0,0,6,,97.9,0.0,0,0,0,0,0,0,0.0,45,7.5,,0,0,0.0,,,0,0,,,0,0,,0,0,0,,0,0,0,,0.0,,0,0,0,0,0,0,,0,,62.5,8,8,7.5,12.9,2.71,0,1,12.5,37.5,3,0,40.0,8,2,2,71.6,0,0,8,,91.1,0.0,0,0,0,0,1,0,0.0,35,4.4,81.5,27,27,25.2,5.7,2.12,0,0,0.0,77.8,21,7,4.5,27,1,8,61.3,0,0,29,0.0,111.3,0.0,0,0,0,0,1,0,0.0,209,7.7,0,71.4,7,7,6.5,34.0,3.43,0,2,22.2,71.4,5,2,0.0,7,0,5,90.9,0,0,9,0.0,153.3,0.0,0,0,0,0,2,0,0.0,170,24.3,9,100.0,3,3,2.8,-2.0,2.23,0,0,0.0,100.0,3,1,0.0,3,0,0,63.2,0,0,3,0.0,79.2,0.0,0,0,0,0,0,0,0.0,4,1.3,50.0,2,2,1.9,34.0,2.95,0,0,0.0,50.0,1,0,0.0,2,0,1,63.8,0,0,3,,135.4,0.0,0,0,0,0,1,0,0.0,28,14.0,50.0,8,8,7.5,14.4,3.33,0,0,0.0,37.5,3,3,25.0,8,1,3,69.1,0,0,8,0.0,56.8,0.0,0,0,0,0,0,0,0.0,45,5.6,86.7,15,15,14.0,5.5,2.21,0,0,0.0,80.0,12,3,7.7,15,1,5,48.4,0,1,15,0.0,58.3,0.0,0,0,0,0,0,0,0.0,70,4.7,52.2,23,23,21.5,13.1,3.09,0,2,8.0,39.1,9,6,25.0,23,3,7,67.6,0,0,25,0.0,71.3,0.0,0,0,0,0,1,1,4.0,122,5.3,0,66.7,3,3,2.8,-2.7,3.8,0,0,0.0,66.7,2,2,0.0,3,0,0,55.6,0,0,3,0.0,70.1,0.0,0,0,0,0,0,0,0.0,9,3.0,80.0,5,5,4.7,34.0,3.62,0,2,33.3,80.0,4,2,0.0,5,0,4,93.1,0,0,6,0.0,158.3,0.0,0,0,0,0,1,0,0.0,142,28.4,42.9,7,7,6.5,12.0,3.26,0,1,11.1,42.9,3,3,0.0,7,0,2,56.0,0,0,9,0.0,62.8,0.0,0,0,0,0,0,1,11.1,42,6.0,64.3,14,14,13.1,5.4,2.44,0,0,0.0,64.3,9,3,0.0,14,0,4,55.3,0,1,14,0.0,67.6,0.0,0,0,0,0,1,1,7.1,60,4.3,78.6,56,56,52.3,5.6,2.23,0,0,0.0,75.0,42,13,4.5,56,2,17,54.5,0,2,58,0.0,86.8,0.0,0,0,0,0,2,1,1.7,339,6.1
Philip Rivers,1725,QB,LAC,3,112,116,83.3,18,18,16.1,-3.2,1.97,0,0,0.0,83.3,15,4,0.0,18,0,2,61.8,0,0,18,0.0,85.9,0.0,0,0,0,0,0,0,0.0,83,4.6,85.7,7,7,6.3,-3.3,2.14,0,0,0.0,85.7,6,0,0.0,7,0,1,65.9,0,0,7,,86.9,0.0,0,0,0,0,0,0,0.0,34,4.9,0.0,1,1,0.9,48.0,3.9,0,0,0.0,0.0,0,1,,1,0,0,52.1,0,0,2,0.0,39.6,0.0,0,0,0,0,0,0,0.0,0,0.0,83.3,12,12,10.7,13.4,2.36,0,0,0.0,83.3,10,5,0.0,12,0,9,81.5,0,1,13,0.0,121.5,0.0,0,0,0,0,2,1,7.7,144,12.0,93.9,33,33,29.5,4.2,2.08,0,0,0.0,84.8,28,5,9.7,33,3,18,68.2,0,0,36,0.0,108.8,0.0,0,0,0,0,1,0,0.0,254,7.7,0,27.3,11,11,9.8,33.4,3.19,0,1,7.7,27.3,3,7,0.0,11,0,3,53.2,0,1,13,0.0,60.4,0.0,0,0,0,0,1,1,7.7,108,9.8,27,66.7,6,6,5.4,-2.5,1.9,0,0,0.0,66.7,4,2,0.0,6,0,0,52.7,0,0,6,0.0,76.4,0.0,0,0,0,0,0,0,0.0,27,4.5,40.0,5,5,4.5,31.2,3.28,0,1,16.7,40.0,2,3,0.0,5,0,2,59.6,0,1,6,0.0,87.5,0.0,0,0,0,0,1,1,16.7,64,12.8,55.6,9,9,8.0,13.6,2.97,0,0,0.0,44.4,4,3,20.0,9,1,4,51.7,0,1,11,0.0,24.5,0.0,0,0,0,0,0,1,9.1,54,6.0,60.0,10,10,8.9,5.8,2.23,0,0,0.0,60.0,6,1,0.0,10,0,2,55.0,0,0,11,0.0,73.8,0.0,0,0,0,0,0,0,0.0,52,5.2,69.2,26,26,23.2,13.5,2.62,0,0,0.0,65.4,17,9,5.6,26,1,16,63.2,0,3,30,0.0,81.7,0.0,0,0,0,0,2,3,10.0,244,9.4,0,100.0,5,5,4.5,-3.8,1.8,0,0,0.0,100.0,5,2,0.0,5,0,1,64.6,0,0,5,0.0,85.0,0.0,0,0,0,0,0,0,0.0,22,4.4,20.0,5,5,4.5,32.6,2.96,0,0,0.0,20.0,1,3,0.0,5,0,1,53.2,0,0,5,0.0,63.8,0.0,0,0,0,0,0,0,0.0,44,8.8,60.0,5,5,4.5,13.6,2.6,0,0,0.0,60.0,3,1,0.0,5,0,3,46.5,0,1,6,0.0,50.8,0.0,0,0,0,0,0,1,16.7,46,9.2,66.7,6,6,5.4,4.5,2.72,0,0,0.0,66.7,4,4,0.0,6,0,3,56.5,0,0,6,0.0,70.8,0.0,0,0,0,0,0,1,16.7,19,3.2,83.7,49,49,43.8,4.6,2.19,0,0,0.0,77.6,38,10,7.3,49,3,23,63.1,0,0,53,0.0,101.1,0.0,0,0,0,0,1,1,1.9,325,6.6
Mike Glennon,7854,QB,CHI,3,107,115,100.0,11,11,10.3,-3.9,2.05,0,0,0.0,100.0,11,6,0.0,11,0,2,67.1,0,0,12,0.0,80.7,0.0,0,0,0,0,0,0,0.0,37,3.4,100.0,2,2,1.9,-2.5,2.55,0,0,0.0,100.0,2,1,0.0,2,0,1,61.8,0,0,2,0.0,110.4,0.0,0,0,0,0,0,0,0.0,21,10.5,,0,0,0.0,,,0,0,,,0,0,,0,0,0,,0,0,0,,0.0,,0,0,0,0,0,0,,0,,90.9,11,11,10.3,13.7,2.34,0,1,7.1,81.8,9,3,10.0,11,1,8,91.7,0,0,14,0.0,118.2,0.0,0,0,0,0,0,0,0.0,136,12.4,81.0,42,42,39.3,4.2,2.43,0,0,0.0,64.3,27,17,20.6,42,7,9,64.7,0,2,44,0.0,65.4,0.0,0,0,0,0,1,1,2.3,218,5.2,0,25.0,4,4,3.7,29.3,2.6,0,1,25.0,25.0,1,1,0.0,4,0,1,83.9,0,0,4,0.0,81.3,0.0,0,0,0,0,1,1,25.0,14,3.5,6,100.0,6,6,5.6,-4.0,1.87,0,0,0.0,100.0,6,4,0.0,6,0,1,65.6,0,0,7,0.0,79.2,0.0,0,0,0,0,0,0,0.0,15,2.5,25.0,4,4,3.7,29.3,2.6,0,1,25.0,25.0,1,1,0.0,4,0,1,83.9,0,0,4,0.0,81.3,0.0,0,0,0,0,1,1,25.0,14,3.5,,0,0,0.0,,,0,0,0.0,,0,0,,0,0,0,54.0,0,0,1,,0.0,,0,0,0,0,0,0,0.0,0,,71.4,14,14,13.1,5.1,2.36,0,0,0.0,57.1,8,6,20.0,14,2,5,43.5,0,1,14,0.0,43.5,0.0,0,0,0,0,0,1,7.1,79,5.6,83.3,18,18,16.8,13.1,2.38,0,2,9.1,77.8,14,3,6.7,18,1,13,88.6,0,0,22,0.0,133.3,0.0,0,0,0,0,1,1,4.5,208,11.6,0,100.0,3,3,2.8,-4.7,2.1,0,0,0.0,100.0,3,1,0.0,3,0,0,63.4,0,0,3,0.0,79.2,0.0,0,0,0,0,0,0,0.0,1,0.3,,0,0,0.0,,,0,0,,,0,0,,0,0,0,,0,0,0,,0.0,,0,0,0,0,0,0,,0,,71.4,7,7,6.5,12.1,2.44,0,1,14.3,71.4,5,0,0.0,7,0,5,69.8,0,0,7,,144.0,0.0,0,0,0,0,1,1,14.3,72,10.3,78.6,14,14,13.1,4.3,1.97,0,0,0.0,78.6,11,2,0.0,14,0,1,52.8,0,0,14,0.0,84.2,0.0,0,0,0,0,0,0,0.0,59,4.2,78.6,70,70,65.4,4.4,2.33,0,0,0.0,65.7,46,25,16.4,70,9,15,55.7,0,3,72,0.0,64.9,0.0,0,0,0,0,1,2,2.8,356,5.1
Drew Brees,802,QB,NO,3,111,114,100.0,17,17,15.3,-4.1,1.84,0,0,0.0,94.1,16,2,5.9,17,1,6,68.2,0,0,18,0.0,88.7,0.0,0,0,0,0,0,0,0.0,90,5.3,100.0,11,11,9.9,-4.3,1.78,0,0,0.0,90.9,10,1,9.1,11,1,3,67.2,0,0,12,0.0,86.0,0.0,0,0,0,0,0,0,0.0,51,4.6,66.7,3,3,2.7,34.7,3.03,0,2,66.7,66.7,2,0,0.0,3,0,2,91.4,0,0,3,,149.3,0.0,0,0,0,0,1,0,0.0,64,21.3,66.7,6,6,5.4,12.7,2.58,0,1,16.7,66.7,4,1,0.0,6,0,4,89.5,0,0,6,0.0,130.6,0.0,0,0,0,0,1,0,0.0,48,8.0,74.1,27,27,24.3,4.7,2.27,0,0,0.0,70.4,19,4,5.0,27,1,5,43.0,0,0,28,0.0,84.5,0.0,0,0,0,0,0,2,7.1,154,5.7,0,47.1,17,17,15.3,28.9,2.75,0,7,41.2,47.1,8,4,0.0,17,0,8,95.8,0,0,17,0.0,113.0,0.0,0,0,0,0,1,0,0.0,282,16.6,20,100.0,1,1,0.9,-5.0,3.0,0,0,0.0,100.0,1,0,0.0,1,0,1,60.1,0,0,1,,118.8,0.0,0,0,0,0,0,0,0.0,18,18.0,40.0,10,10,9.0,27.7,2.71,0,4,40.0,40.0,4,2,0.0,10,0,4,93.2,0,0,10,0.0,87.1,0.0,0,0,0,0,0,0,0.0,124,12.4,100.0,5,5,4.5,12.4,2.7,0,0,0.0,100.0,5,0,0.0,5,0,5,91.4,0,0,5,,158.3,0.0,0,0,0,0,1,0,0.0,71,14.2,100.0,10,10,9.0,5.2,1.98,0,0,0.0,100.0,10,1,0.0,10,0,5,80.8,0,0,10,0.0,134.2,0.0,0,0,0,0,1,0,0.0,82,8.2,72.2,18,18,16.2,13.8,2.64,0,3,16.7,72.2,13,1,0.0,18,0,13,94.0,0,0,18,0.0,143.8,0.0,0,0,0,0,4,0,0.0,181,10.1,0,100.0,5,5,4.5,-3.6,1.72,0,0,0.0,100.0,5,1,0.0,5,0,2,64.1,0,0,5,0.0,84.2,0.0,0,0,0,0,0,0,0.0,21,4.2,50.0,4,4,3.6,27.5,2.63,0,1,25.0,50.0,2,2,0.0,4,0,2,82.0,0,0,4,0.0,95.8,0.0,0,0,0,0,0,0,0.0,94,23.5,57.1,7,7,6.3,15.7,2.64,0,2,28.6,57.1,4,0,0.0,7,0,4,83.2,0,0,7,,126.2,0.0,0,0,0,0,2,0,0.0,62,8.9,84.6,13,13,11.7,4.3,2.6,0,0,0.0,76.9,10,2,9.1,13,1,4,60.8,0,0,14,0.0,91.2,0.0,0,0,0,0,0,0,0.0,78,6.0,82.0,50,50,45.0,4.7,2.3,0,0,0.0,78.0,39,7,4.9,50,2,14,57.0,0,0,52,0.0,99.5,0.0,0,0,0,0,1,2,3.8,314,6.3
Brian Hoyer,5277,QB,SF,3,99,111,100.0,12,12,12.1,-2.8,2.08,0,0,0.0,91.7,11,3,8.3,12,1,3,67.3,0,0,12,0.0,83.7,0.0,0,0,0,0,0,0,0.0,49,4.1,100.0,9,9,9.1,-3.1,2.06,0,0,0.0,88.9,8,2,11.1,9,1,3,66.6,0,0,9,0.0,84.3,0.0,0,0,0,0,0,0,0.0,38,4.2,100.0,1,1,1.0,50.0,3.0,0,1,100.0,100.0,1,0,0.0,1,0,1,87.3,0,0,1,,118.8,0.0,0,0,0,0,0,0,0.0,50,50.0,25.0,8,8,8.1,14.4,2.65,0,1,11.1,25.0,2,1,0.0,8,0,2,32.7,0,1,9,0.0,14.1,0.0,0,0,0,0,0,1,11.1,51,6.4,79.3,29,29,29.3,4.4,2.01,0,0,0.0,65.5,19,6,17.4,29,4,8,57.7,0,1,31,0.0,75.2,0.0,0,0,0,0,1,2,6.5,149,5.1,0,60.0,5,5,5.1,43.2,2.76,0,3,60.0,40.0,2,2,33.3,5,1,2,94.7,0,0,5,0.0,87.5,0.0,0,0,0,0,0,0,0.0,109,21.8,28,100.0,1,1,1.0,-4.0,1.8,0,0,0.0,100.0,1,0,0.0,1,0,0,60.0,0,0,1,,91.7,0.0,0,0,0,0,0,0,0.0,6,6.0,33.3,3,3,3.0,42.3,2.87,0,1,33.3,33.3,1,1,0.0,3,0,1,75.8,0,0,3,0.0,81.9,0.0,0,0,0,0,0,0,0.0,59,19.7,50.0,6,6,6.1,15.5,2.73,0,0,0.0,50.0,3,3,0.0,6,0,3,66.2,0,0,7,0.0,86.1,0.0,0,0,0,0,0,0,0.0,61,10.2,87.5,16,16,16.2,3.2,2.41,0,0,0.0,81.3,13,8,7.1,16,1,4,75.6,0,0,16,0.0,89.3,0.0,0,0,0,0,0,0,0.0,87,5.4,42.1,19,19,19.2,14.4,2.75,0,1,4.8,42.1,8,4,0.0,19,0,8,53.4,0,1,21,0.0,49.5,0.0,0,0,0,0,0,1,4.8,156,8.2,0,100.0,2,2,2.0,-1.0,2.3,0,0,0.0,100.0,2,1,0.0,2,0,0,61.9,0,0,2,0.0,79.2,0.0,0,0,0,0,0,0,0.0,5,2.5,100.0,1,1,1.0,39.0,2.2,0,1,100.0,0.0,0,1,100.0,1,1,0,86.9,0,0,1,0.0,39.6,0.0,0,0,0,0,0,0,0.0,0,0.0,60.0,5,5,5.1,13.0,2.92,0,0,0.0,60.0,3,0,0.0,5,0,3,74.8,0,0,5,,88.8,0.0,0,0,0,0,0,0,0.0,44,8.8,71.4,14,14,14.1,5.3,2.18,0,0,0.0,64.3,9,3,10.0,14,1,4,42.8,0,1,14,0.0,71.7,0.0,0,0,0,0,1,1,7.1,74,5.3,79.7,59,59,59.6,4.3,2.16,0,0,0.0,69.5,41,17,12.8,59,6,16,57.6,0,2,61,0.0,79.1,0.0,0,0,0,0,2,3,4.9,310,5.3
Kirk Cousins,7102,QB,WAS,3,97,109,100.0,18,18,18.6,-2.5,2.14,0,0,0.0,100.0,18,3,0.0,18,0,7,68.4,0,0,18,0.0,106.7,0.0,0,0,0,0,0,0,0.0,173,9.6,100.0,7,7,7.2,-3.0,1.99,0,0,0.0,100.0,7,0,0.0,7,0,4,65.3,0,0,7,,108.3,0.0,0,0,0,0,0,0,0.0,70,10.0,25.0,4,4,4.1,28.5,2.15,0,1,25.0,25.0,1,1,0.0,4,0,1,60.0,0,0,4,0.0,85.4,0.0,0,0,0,0,1,0,0.0,18,4.5,60.0,10,10,10.3,12.9,2.66,0,0,0.0,50.0,5,6,16.7,10,1,5,73.4,0,0,10,0.0,83.3,0.0,0,0,0,0,0,0,0.0,95,9.5,87.0,23,23,23.7,5.0,2.33,0,0,0.0,73.9,17,6,15.0,23,3,9,64.4,0,1,23,0.0,91.0,0.0,0,0,0,0,1,1,4.3,171,7.4,0,28.6,7,7,7.2,31.7,2.37,0,2,22.2,28.6,2,2,0.0,7,0,2,68.1,0,0,9,0.0,108.3,0.0,0,0,0,0,2,0,0.0,70,10.0,32,100.0,4,4,4.1,-1.5,1.9,0,0,0.0,100.0,4,0,0.0,4,0,2,63.8,0,0,4,,118.8,0.0,0,0,0,0,0,0,0.0,82,20.5,,0,0,0.0,,,0,1,50.0,,0,0,,0,0,0,91.5,0,0,2,,0.0,,0,0,0,0,0,0,0.0,0,,100.0,3,3,3.1,14.7,2.77,0,0,0.0,100.0,3,0,0.0,3,0,3,87.3,0,0,3,,158.3,0.0,0,0,0,0,1,0,0.0,41,13.7,75.0,12,12,12.4,4.3,2.05,0,0,0.0,75.0,9,2,0.0,12,0,6,67.7,0,0,13,0.0,135.4,0.0,0,0,0,0,1,0,0.0,124,10.3,55.0,20,20,20.6,13.5,2.92,0,0,0.0,50.0,10,8,9.1,20,1,10,64.2,0,0,20,0.0,97.5,0.0,0,0,0,0,1,1,5.0,178,8.9,0,100.0,7,7,7.2,-2.6,2.43,0,0,0.0,100.0,7,3,0.0,7,0,1,65.9,0,0,7,0.0,79.2,0.0,0,0,0,0,0,0,0.0,21,3.0,33.3,3,3,3.1,36.0,2.67,0,0,0.0,33.3,1,1,0.0,3,0,1,46.1,0,0,3,0.0,121.5,0.0,0,0,0,0,1,0,0.0,52,17.3,28.6,7,7,7.2,13.7,3.34,0,0,0.0,28.6,2,2,0.0,7,0,2,34.4,0,0,7,0.0,52.1,0.0,0,0,0,0,0,1,14.3,42,6.0,84.6,13,13,13.4,3.1,1.93,0,0,0.0,76.9,10,3,9.1,13,1,4,49.3,0,0,13,0.0,88.0,0.0,0,0,0,0,0,0,0.0,68,5.2,83.3,48,48,49.5,4.3,2.15,0,0,0.0,75.0,36,11,10.0,48,4,19,61.6,0,1,49,0.0,101.3,0.0,0,0,0,0,2,1,2.0,363,7.6
Marcus Mariota,9435,QB,TEN,3,100,108,90.9,11,11,11.0,-3.5,1.58,0,0,0.0,81.8,9,0,10.0,11,1,5,62.8,0,0,12,,148.3,0.0,0,0,0,0,2,0,0.0,111,10.1,100.0,7,7,7.0,-3.6,1.77,0,0,0.0,85.7,6,0,14.3,7,1,4,65.6,0,0,7,,158.3,0.0,0,0,0,0,2,0,0.0,104,14.9,100.0,1,1,1.0,21.0,2.3,0,1,50.0,100.0,1,0,0.0,1,0,1,72.5,0,0,2,,118.8,0.0,0,0,0,0,0,0,0.0,23,23.0,61.5,13,13,13.0,14.0,2.98,0,1,7.1,61.5,8,3,0.0,13,0,7,56.0,0,1,14,0.0,64.6,0.0,0,0,0,0,0,2,14.3,135,10.4,75.0,24,24,24.0,4.3,2.18,0,0,0.0,75.0,18,3,0.0,24,0,8,67.7,0,0,24,0.0,85.2,0.0,0,0,0,0,0,0,0.0,119,5.0,0,33.3,9,9,9.0,29.6,2.59,0,3,30.0,33.3,3,1,0.0,9,0,3,68.4,0,0,10,0.0,70.6,0.0,0,0,0,0,0,0,0.0,88,9.8,31,50.0,2,2,2.0,-3.0,1.6,0,0,0.0,50.0,1,0,0.0,2,0,0,54.5,0,0,2,,56.3,0.0,0,0,0,0,0,0,0.0,0,0.0,20.0,5,5,5.0,34.0,2.68,0,1,20.0,20.0,1,0,0.0,5,0,1,59.8,0,0,5,,62.1,0.0,0,0,0,0,0,0,0.0,42,8.4,57.1,7,7,7.0,15.7,2.66,0,1,14.3,57.1,4,1,0.0,7,0,3,75.3,0,0,7,0.0,86.6,0.0,0,0,0,0,0,0,0.0,62,8.9,75.0,12,12,12.0,4.1,2.46,0,0,0.0,75.0,9,3,0.0,12,0,1,67.7,0,0,12,0.0,86.5,0.0,0,0,0,0,0,0,0.0,63,5.3,56.7,30,30,30.0,14.3,2.83,0,3,9.4,56.7,17,8,0.0,30,0,15,67.2,0,1,32,0.0,85.3,0.0,0,0,0,0,1,2,6.3,279,9.3,0,100.0,2,2,2.0,-3.5,0.9,0,0,0.0,100.0,2,0,0.0,2,0,1,63.1,0,0,3,,81.3,0.0,0,0,0,0,0,0,0.0,7,3.5,33.3,3,3,3.0,25.0,2.53,0,1,33.3,33.3,1,1,0.0,3,0,1,66.4,0,0,3,0.0,61.8,0.0,0,0,0,0,0,0,0.0,23,7.7,50.0,10,10,10.0,13.7,2.75,0,1,9.1,50.0,5,4,0.0,10,0,5,68.3,0,0,11,0.0,111.3,0.0,0,0,0,0,1,0,0.0,82,8.2,66.7,6,6,6.0,6.8,2.3,0,0,0.0,66.7,4,1,0.0,6,0,2,53.1,0,0,7,0.0,82.6,0.0,0,0,0,0,0,0,0.0,36,6.0,73.8,42,42,42.0,4.6,2.28,0,0,0.0,73.8,31,7,0.0,42,0,11,65.8,0,0,43,0.0,85.2,0.0,0,0,0,0,0,0,0.0,218,5.2
Andy Dalton,6187,QB,CIN,3,93,106,100.0,14,14,15.1,-3.0,1.86,0,0,0.0,92.9,13,2,7.1,14,1,4,68.3,0,0,15,0.0,121.7,0.0,0,0,0,0,1,0,0.0,105,7.5,100.0,6,6,6.5,-3.3,1.88,0,0,0.0,83.3,5,0,16.7,6,1,2,65.4,0,0,6,,118.8,0.0,0,0,0,0,0,0,0.0,76,12.7,66.7,3,3,3.2,36.0,2.87,0,1,33.3,66.7,2,0,0.0,3,0,2,86.6,0,0,3,,109.7,0.0,0,0,0,0,0,0,0.0,72,24.0,70.0,10,10,10.8,14.1,2.33,0,2,20.0,70.0,7,2,0.0,10,0,7,73.5,0,2,10,0.0,101.7,0.0,0,0,0,0,1,1,10.0,114,11.4,78.9,19,19,20.4,3.8,2.18,0,0,0.0,68.4,13,6,13.3,19,2,5,89.5,0,1,21,0.0,59.3,0.0,0,0,0,0,0,0,0.0,101,5.3,0,27.3,11,11,11.8,33.9,3.17,0,2,18.2,27.3,3,3,0.0,11,0,3,65.9,0,0,11,0.0,68.4,0.0,0,0,0,0,0,0,0.0,109,9.9,7,100.0,2,2,2.2,-1.5,1.7,0,0,0.0,100.0,2,0,0.0,2,0,1,63.3,0,0,3,,120.8,0.0,0,0,0,0,1,0,0.0,7,3.5,0.0,4,4,4.3,31.3,2.45,0,0,0.0,0.0,0,1,,4,0,0,45.8,0,0,4,0.0,39.6,0.0,0,0,0,0,0,0,0.0,0,0.0,25.0,4,4,4.3,15.5,3.15,0,0,0.0,25.0,1,0,0.0,4,0,1,59.6,0,0,4,,39.6,0.0,0,0,0,0,0,0,0.0,12,3.0,85.7,7,7,7.5,4.4,1.77,0,0,0.0,85.7,6,2,0.0,7,0,2,48.4,0,1,7,0.0,49.1,0.0,0,0,0,0,0,1,14.3,37,5.3,57.1,21,21,22.6,14.8,2.7,0,2,9.5,57.1,12,3,0.0,21,0,12,71.5,0,2,21,0.0,62.9,0.0,0,0,0,0,1,1,4.8,186,8.9,0,100.0,6,6,6.5,-3.2,1.9,0,0,0.0,100.0,6,2,0.0,6,0,1,65.4,0,0,6,0.0,81.9,0.0,0,0,0,0,0,0,0.0,22,3.7,25.0,4,4,4.3,35.0,4.13,0,1,25.0,25.0,1,2,0.0,4,0,1,62.0,0,0,4,0.0,65.6,0.0,0,0,0,0,0,0,0.0,37,9.3,57.1,7,7,7.5,15.4,2.96,0,0,0.0,57.1,4,1,0.0,7,0,4,67.3,0,0,7,0.0,85.4,0.0,0,0,0,0,0,0,0.0,60,8.6,100.0,10,10,10.8,2.2,2.19,0,0,0.0,100.0,10,1,0.0,10,0,3,62.4,0,0,11,0.0,95.0,0.0,0,0,0,0,0,0,0.0,68,6.8,86.1,36,36,38.7,3.5,2.11,0,0,0.0,80.6,29,9,6.5,36,2,10,75.4,0,2,39,0.0,67.4,0.0,0,0,0,0,0,1,2.6,206,5.7
Matt Ryan,4317,QB,ATL,3,93,102,90.9,11,11,11.8,-3.5,1.75,0,0,0.0,90.9,10,1,0.0,11,0,5,62.7,0,0,11,0.0,137.5,0.0,0,0,0,0,1,0,0.0,107,9.7,100.0,6,6,6.5,-3.5,1.7,0,0,0.0,100.0,6,0,0.0,6,0,3,65.5,0,0,6,,158.3,0.0,0,0,0,0,1,0,0.0,91,15.2,50.0,2,2,2.2,43.0,3.75,0,0,0.0,50.0,1,2,0.0,2,0,1,74.4,0,0,2,0.0,135.4,0.0,0,0,0,0,1,0,0.0,88,44.0,92.9,14,14,15.1,12.4,2.39,0,1,7.1,92.9,13,4,0.0,14,0,12,90.8,0,1,14,0.0,89.0,0.0,0,0,0,0,0,1,7.1,199,14.2,83.3,24,24,25.8,4.5,2.37,0,0,0.0,75.0,18,5,10.0,24,2,5,69.3,0,2,24,0.0,59.9,0.0,0,0,0,0,0,0,0.0,173,7.2,0,18.2,11,11,11.8,30.8,3.01,0,1,7.7,18.2,2,7,0.0,11,0,2,48.5,0,0,13,0.0,103.6,0.0,0,0,0,0,1,0,0.0,122,11.1,2,66.7,3,3,3.2,-3.0,2.07,0,0,0.0,66.7,2,1,0.0,3,0,0,55.6,0,0,3,0.0,70.1,0.0,0,0,0,0,0,0,0.0,0,0.0,0.0,6,6,6.5,29.7,2.85,0,0,0.0,0.0,0,4,,6,0,0,32.9,0,0,7,0.0,39.6,0.0,0,0,0,0,0,0,0.0,0,0.0,40.0,5,5,5.4,13.6,3.32,0,0,0.0,40.0,2,1,0.0,5,0,2,48.0,0,0,6,0.0,64.6,0.0,0,0,0,0,0,0,0.0,35,7.0,91.7,12,12,12.9,4.9,2.16,0,0,0.0,83.3,10,3,9.1,12,1,7,64.4,0,0,12,0.0,137.5,0.0,0,0,0,0,1,0,0.0,124,10.3,81.8,22,22,23.7,13.0,2.69,0,2,8.7,81.8,18,5,0.0,22,0,17,87.6,0,1,23,0.0,99.8,0.0,0,0,0,0,0,1,4.3,292,13.3,0,100.0,2,2,2.2,-4.5,1.4,0,0,0.0,100.0,2,0,0.0,2,0,2,62.0,0,0,2,,100.0,0.0,0,0,0,0,0,0,0.0,16,8.0,33.3,3,3,3.2,25.0,2.83,0,1,25.0,33.3,1,1,0.0,3,0,1,63.1,0,0,4,0.0,77.1,0.0,0,0,0,0,0,0,0.0,34,11.3,100.0,3,3,3.2,15.0,3.07,0,1,33.3,100.0,3,0,0.0,3,0,3,91.5,0,0,3,,118.8,0.0,0,0,0,0,0,0,0.0,58,19.3,60.0,10,10,10.8,4.9,2.46,0,0,0.0,60.0,6,3,0.0,10,0,3,66.0,0,0,11,0.0,105.8,0.0,0,0,0,0,1,0,0.0,49,4.9,80.4,46,46,49.5,4.7,2.33,0,0,0.0,73.9,34,11,8.1,46,3,15,69.6,0,2,47,0.0,91.4,0.0,0,0,0,0,2,0,0.0,346,7.5
Tyrod Taylor,6332,QB,BUF,3,79,102,100.0,14,14,17.7,-4.1,2.38,0,0,0.0,100.0,14,4,0.0,14,0,4,67.5,0,0,14,0.0,89.0,0.0,0,0,0,0,0,0,0.0,75,5.4,100.0,10,10,12.7,-4.6,2.59,0,0,0.0,100.0,10,3,0.0,10,0,1,66.8,0,0,10,0.0,84.6,0.0,0,0,0,0,0,0,0.0,43,4.3,,0,0,0.0,,,0,0,,,0,0,,0,0,0,,0,0,0,,0.0,,0,0,0,0,0,0,,0,,71.4,7,7,8.9,13.0,3.19,0,0,0.0,71.4,5,3,0.0,7,0,5,90.9,0,0,7,0.0,142.3,0.0,0,0,0,0,1,0,0.0,69,9.9,88.2,17,17,21.5,4.9,2.52,0,0,0.0,82.4,14,1,6.7,17,1,8,71.5,0,0,17,0.0,132.4,0.0,0,0,0,0,1,0,0.0,188,11.1,0,57.1,7,7,8.9,27.6,3.0,0,1,12.5,42.9,3,5,25.0,7,1,3,70.8,0,0,8,0.0,89.9,0.0,0,0,0,0,0,0,0.0,94,13.4,4,100.0,4,4,5.1,-2.8,1.85,0,0,0.0,100.0,4,1,0.0,4,0,3,63.6,0,0,4,0.0,100.0,0.0,0,0,0,0,0,0,0.0,32,8.0,50.0,4,4,5.1,26.8,3.03,0,1,25.0,50.0,2,3,0.0,4,0,2,72.9,0,0,4,0.0,95.8,0.0,0,0,0,0,0,0,0.0,66,16.5,50.0,2,2,2.5,11.0,2.9,0,0,0.0,50.0,1,1,0.0,2,0,1,67.5,0,0,3,0.0,68.8,0.0,0,0,0,0,0,0,0.0,12,6.0,78.6,14,14,17.7,3.8,2.52,0,0,0.0,64.3,9,3,18.2,14,2,5,74.0,0,1,14,0.0,66.7,0.0,0,0,0,0,1,0,0.0,57,4.1,63.6,11,11,13.9,12.7,3.05,0,0,0.0,63.6,7,5,0.0,11,0,7,87.8,0,0,12,0.0,125.6,0.0,0,0,0,0,1,0,0.0,106,9.6,0,,0,0,0.0,,,0,0,,,0,0,,0,0,0,,0,0,0,,0.0,,0,0,0,0,0,0,,0,,66.7,3,3,3.8,28.7,2.97,0,0,0.0,33.3,1,2,50.0,3,1,1,63.3,0,0,4,0.0,68.8,0.0,0,0,0,0,0,0,0.0,28,9.3,50.0,2,2,2.5,13.5,2.7,0,0,0.0,50.0,1,1,0.0,2,0,1,63.8,0,0,2,0.0,95.8,0.0,0,0,0,0,0,0,0.0,25,12.5,75.0,8,8,10.1,4.3,2.39,0,0,0.0,75.0,6,2,0.0,8,0,2,79.6,0,0,9,0.0,126.0,0.0,0,0,0,0,1,0,0.0,42,5.3,82.1,39,39,49.4,4.4,2.49,0,0,0.0,74.4,29,6,9.4,39,3,15,80.8,0,1,40,0.0,109.7,0.0,0,0,0,0,3,0,0.0,287,7.4
Alex Smith,2218,QB,KC,3,84,101,100.0,18,18,21.4,-2.3,1.68,0,0,0.0,100.0,18,2,0.0,18,0,7,68.3,0,0,18,0.0,115.0,0.0,0,0,0,0,1,0,0.0,129,7.2,100.0,6,6,7.1,-1.8,1.52,0,0,0.0,100.0,6,0,0.0,6,0,3,65.0,0,0,6,,145.8,0.0,0,0,0,0,1,0,0.0,57,9.5,50.0,2,2,2.4,38.5,3.65,0,1,33.3,50.0,1,0,0.0,2,0,1,66.7,0,0,3,,135.4,0.0,0,0,0,0,1,0,0.0,78,39.0,100.0,5,5,6.0,12.4,2.82,0,0,0.0,80.0,4,3,20.0,5,1,4,61.6,0,0,5,0.0,142.9,0.0,0,0,0,0,1,1,20.0,44,8.8,81.8,22,22,26.2,3.2,2.29,0,0,0.0,81.8,18,3,0.0,22,0,10,67.2,0,0,22,0.0,124.8,0.0,0,0,0,0,2,0,0.0,147,6.7,0,66.7,9,9,10.7,32.9,2.9,0,6,60.0,66.7,6,3,0.0,9,0,6,96.7,0,0,10,0.0,149.3,0.0,0,0,0,0,3,0,0.0,287,31.9,16,100.0,4,4,4.8,-2.5,1.85,0,0,0.0,100.0,4,0,0.0,4,0,3,63.7,0,0,4,,96.9,0.0,0,0,0,0,0,0,0.0,29,7.3,33.3,3,3,3.6,32.7,3.03,0,1,33.3,33.3,1,1,0.0,3,0,1,73.5,0,0,3,0.0,64.6,0.0,0,0,0,0,0,0,0.0,25,8.3,,0,0,0.0,,,0,0,,,0,0,,0,0,0,,0,0,0,,0.0,,0,0,0,0,0,0,,0,,100.0,8,8,9.5,4.1,1.86,0,0,0.0,100.0,8,0,0.0,8,0,2,71.5,0,0,8,,99.5,0.0,0,0,0,0,0,0,0.0,63,7.9,75.0,8,8,9.5,13.6,2.93,0,0,0.0,50.0,4,3,33.3,8,2,4,66.3,0,0,9,0.0,106.3,0.0,0,0,0,0,1,1,11.1,44,5.5,0,100.0,8,8,9.5,-2.6,1.71,0,0,0.0,100.0,8,2,0.0,8,0,1,66.1,0,0,8,0.0,89.1,0.0,0,0,0,0,0,0,0.0,43,5.4,100.0,4,4,4.8,30.3,2.43,0,4,100.0,100.0,4,2,0.0,4,0,4,99.9,0,0,4,0.0,158.3,0.0,0,0,0,0,2,0,0.0,184,46.0,33.3,3,3,3.6,15.7,3.1,0,0,0.0,0.0,0,0,100.0,3,1,0,68.3,0,0,4,,39.6,0.0,0,0,0,0,0,0,0.0,0,0.0,78.6,14,14,16.7,2.6,2.35,0,0,0.0,78.6,11,2,0.0,14,0,5,56.6,0,0,15,0.0,97.6,0.0,0,0,0,0,0,0,0.0,104,7.4,84.1,44,44,52.4,3.2,2.23,0,0,0.0,84.1,37,5,0.0,44,0,17,67.1,0,0,45,0.0,111.6,0.0,0,0,0,0,2,0,0.0,314,7.1
Deshaun Watson,11767,QB,HST,3,80,99,100.0,2,2,2.5,-4.0,3.6,0,0,0.0,100.0,2,1,0.0,2,0,0,80.3,0,0,3,0.0,79.2,0.0,0,0,0,0,0,0,0.0,6,3.0,,0,0,0.0,,,0,0,0.0,,0,0,,0,0,0,60.0,0,0,1,,0.0,,0,0,0,0,0,0,0.0,0,,75.0,4,4,5.0,32.5,4.58,0,2,40.0,75.0,3,3,0.0,4,0,3,92.3,0,1,5,0.0,116.7,0.0,0,0,0,0,2,0,0.0,62,15.5,50.0,8,8,10.0,14.0,2.48,0,0,0.0,50.0,4,3,0.0,8,0,4,65.4,0,1,9,0.0,40.6,0.0,0,0,0,0,0,0,0.0,70,8.8,63.6,11,11,13.8,5.4,2.03,0,0,0.0,63.6,7,4,0.0,11,0,5,27.3,0,0,13,0.0,110.0,0.0,0,0,0,0,1,2,15.4,65,5.9,0,33.3,12,12,15.0,27.3,3.48,0,3,20.0,33.3,4,6,0.0,12,0,4,61.6,0,2,15,0.0,63.5,0.0,0,0,0,0,2,1,6.7,97,8.1,13,100.0,2,2,2.5,-4.0,3.6,0,0,0.0,100.0,2,1,0.0,2,0,0,78.3,0,0,2,0.0,79.2,0.0,0,0,0,0,0,0,0.0,6,3.0,0.0,5,5,6.3,26.8,2.46,0,0,0.0,0.0,0,1,,5,0,0,29.6,0,1,7,0.0,0.0,0.0,0,0,0,0,0,1,14.3,0,0.0,45.5,11,11,13.8,11.8,2.95,0,1,7.7,45.5,5,3,0.0,11,0,4,54.1,0,0,13,0.0,65.0,0.0,0,0,0,0,0,0,0.0,66,6.0,86.7,15,15,18.8,5.2,2.54,0,0,0.0,86.7,13,2,0.0,15,0,4,76.7,0,0,18,0.0,99.4,0.0,0,0,0,0,0,0,0.0,118,7.9,47.6,21,21,26.3,12.8,2.98,0,1,4.2,47.6,10,7,0.0,21,0,9,61.1,0,1,24,0.0,55.1,0.0,0,0,0,0,0,0,0.0,167,8.0,0,,0,0,0.0,,,0,0,,,0,0,,0,0,0,,0,0,0,,0.0,,0,0,0,0,0,0,,0,,33.3,3,3,3.8,21.3,3.73,0,1,33.3,33.3,1,2,0.0,3,0,1,65.8,0,0,3,0.0,78.5,0.0,0,0,0,0,0,0,0.0,35,11.7,50.0,2,2,2.5,13.0,5.15,0,0,0.0,50.0,1,1,0.0,2,0,1,69.2,0,0,2,0.0,95.8,0.0,0,0,0,0,0,0,0.0,31,15.5,82.4,17,17,21.3,4.7,3.41,0,0,0.0,76.5,13,5,7.1,17,1,3,63.3,0,0,17,0.0,84.2,0.0,0,0,0,0,0,0,0.0,75,4.4,79.1,43,43,53.8,5.0,2.75,0,0,0.0,76.7,33,11,2.9,43,1,12,52.5,0,0,48,0.0,98.8,0.0,0,0,0,0,1,2,4.2,258,6.0
Derek Carr,8671,QB,OAK,3,91,99,100.0,12,12,13.2,-2.8,1.44,0,0,0.0,100.0,12,0,0.0,12,0,3,67.4,0,0,12,,92.4,0.0,0,0,0,0,0,0,0.0,74,6.2,100.0,5,5,5.5,-3.2,1.9,0,0,0.0,100.0,5,0,0.0,5,0,3,64.7,0,0,5,,112.5,0.0,0,0,0,0,0,0,0.0,55,11.0,0.0,1,1,1.1,45.0,3.2,0,0,0.0,0.0,0,0,,1,0,0,51.7,0,0,1,,39.6,0.0,0,0,0,0,0,0,0.0,0,0.0,50.0,6,6,6.6,12.5,2.58,0,0,0.0,16.7,1,1,66.7,6,2,1,34.8,0,0,6,0.0,41.7,0.0,0,0,0,0,0,1,16.7,21,3.5,100.0,25,25,27.5,2.9,2.12,0,0,0.0,92.0,23,4,8.0,25,2,10,63.9,0,0,25,0.0,116.0,0.0,0,0,0,0,1,0,0.0,216,8.6,0,50.0,6,6,6.6,28.8,2.7,0,1,11.1,33.3,2,0,33.3,6,1,2,70.2,0,1,9,,61.1,0.0,0,0,0,0,2,1,11.1,45,7.5,23,100.0,4,4,4.4,-2.8,1.15,0,0,0.0,100.0,4,0,0.0,4,0,0,64.0,0,0,4,,84.4,0.0,0,0,0,0,0,0,0.0,17,4.3,66.7,3,3,3.3,29.3,2.97,0,1,20.0,33.3,1,0,50.0,3,1,1,73.7,0,1,5,,56.3,0.0,0,0,0,0,1,1,20.0,19,6.3,66.7,6,6,6.6,14.8,2.27,0,0,0.0,50.0,3,1,25.0,6,1,3,47.5,0,1,8,0.0,88.2,0.0,0,0,0,0,1,1,12.5,64,10.7,72.7,11,11,12.1,5.4,1.96,0,0,0.0,63.6,7,1,12.5,11,1,4,55.1,0,0,12,0.0,105.1,0.0,0,0,0,0,1,1,8.3,52,4.7,58.8,17,17,18.7,13.4,2.32,0,0,0.0,41.2,7,2,30.0,17,3,7,51.3,0,1,19,0.0,65.6,0.0,0,0,0,0,1,2,10.5,139,8.2,0,100.0,3,3,3.3,-2.3,1.07,0,0,0.0,100.0,3,0,0.0,3,0,0,63.4,0,0,3,,79.2,0.0,0,0,0,0,0,0,0.0,2,0.7,50.0,2,2,2.2,20.0,2.05,0,0,0.0,50.0,1,0,0.0,2,0,1,67.5,0,0,3,,135.4,0.0,0,0,0,0,1,0,0.0,26,13.0,60.0,5,5,5.5,12.8,2.08,0,0,0.0,60.0,3,0,0.0,5,0,3,83.9,0,0,5,,97.1,0.0,0,0,0,0,0,0,0.0,54,10.8,93.3,15,15,16.5,3.1,1.65,0,0,0.0,86.7,13,2,7.1,15,1,6,79.7,0,0,15,0.0,112.2,0.0,0,0,0,0,1,0,0.0,84,5.6,92.2,51,51,56.0,3.5,1.95,0,0,0.0,84.3,43,7,8.5,51,4,20,68.7,0,0,52,0.0,115.0,0.0,0,0,0,0,3,1,1.9,352,6.9
Josh McCown,1085,QB,NYJ,3,86,98,100.0,14,14,16.3,-3.1,1.62,0,0,0.0,78.6,11,0,21.4,14,3,2,67.8,0,0,15,,79.2,0.0,0,0,0,0,0,0,0.0,38,2.7,100.0,8,8,9.3,-3.3,1.6,0,0,0.0,62.5,5,0,37.5,8,3,0,66.4,0,0,9,,66.7,0.0,0,0,0,0,0,0,0.0,15,1.9,50.0,2,2,2.3,26.0,2.55,0,0,0.0,50.0,1,1,0.0,2,0,1,63.7,0,0,2,0.0,93.8,0.0,0,0,0,0,0,0,0.0,24,12.0,84.6,13,13,15.1,12.4,2.21,0,0,0.0,61.5,8,4,27.3,13,3,7,80.9,0,0,14,0.0,122.3,0.0,0,0,0,0,1,0,0.0,135,10.4,89.5,19,19,22.1,4.3,2.33,0,0,0.0,84.2,16,7,5.9,19,1,5,73.2,0,0,21,0.0,98.2,0.0,0,0,0,0,0,0,0.0,144,7.6,0,40.0,10,10,11.6,28.8,2.7,0,1,10.0,40.0,4,4,0.0,10,0,4,55.9,0,1,10,0.0,87.5,0.0,0,0,0,0,2,3,30.0,152,15.2,22,100.0,2,2,2.3,-4.5,1.4,0,0,0.0,100.0,2,0,0.0,2,0,0,62.1,0,0,2,,79.2,0.0,0,0,0,0,0,0,0.0,4,2.0,25.0,4,4,4.7,25.5,2.7,0,0,0.0,25.0,1,3,0.0,4,0,1,52.0,0,1,4,0.0,13.5,0.0,0,0,0,0,0,1,25.0,25,6.3,,0,0,0.0,,,0,0,,,0,0,,0,0,0,,0,0,0,,0.0,,0,0,0,0,0,0,,0,,88.9,9,9,10.5,4.6,2.42,0,0,0.0,77.8,7,2,12.5,9,1,2,68.2,0,0,11,0.0,82.9,0.0,0,0,0,0,0,0,0.0,35,3.9,80.0,15,15,17.4,12.7,2.34,0,0,0.0,60.0,9,5,25.0,15,3,8,75.4,0,1,16,0.0,87.9,0.0,0,0,0,0,1,1,6.3,149,9.9,0,100.0,4,4,4.7,-2.0,1.78,0,0,0.0,100.0,4,0,0.0,4,0,2,63.6,0,0,4,,86.5,0.0,0,0,0,0,0,0,0.0,19,4.8,50.0,4,4,4.7,33.5,2.78,0,1,25.0,50.0,2,0,0.0,4,0,2,58.1,0,0,4,,135.4,0.0,0,0,0,0,2,2,50.0,103,25.8,50.0,2,2,2.3,15.0,3.2,0,0,0.0,50.0,1,1,0.0,2,0,1,48.0,0,1,2,0.0,33.3,0.0,0,0,0,0,0,1,50.0,14,7.0,81.3,16,16,18.6,4.1,2.13,0,0,0.0,81.3,13,3,0.0,16,0,5,68.2,0,0,16,0.0,88.5,0.0,0,0,0,0,0,0,0.0,84,5.3,86.4,44,44,51.2,4.3,2.28,0,0,0.0,81.8,36,12,5.3,44,2,12,74.2,0,0,48,0.0,91.6,0.0,0,0,0,0,0,0,0.0,263,6.0
Cam Newton,6153,QB,CAR,3,83,97,100.0,14,14,16.9,-2.8,1.81,0,0,0.0,100.0,14,1,0.0,14,0,5,67.6,0,0,14,0.0,114.6,0.0,0,0,0,0,1,0,0.0,81,5.8,100.0,9,9,10.8,-3.2,1.96,0,0,0.0,100.0,9,0,0.0,9,0,3,66.4,0,0,9,,129.2,0.0,0,0,0,0,1,0,0.0,55,6.1,66.7,3,3,3.6,21.7,2.87,0,0,0.0,66.7,2,1,0.0,3,0,2,75.8,0,0,3,0.0,109.7,0.0,0,0,0,0,0,0,0.0,45,15.0,60.0,15,15,18.1,14.5,2.81,0,0,0.0,60.0,9,3,0.0,15,0,8,55.2,0,2,16,0.0,57.5,0.0,0,0,0,0,0,2,12.5,162,10.8,73.9,23,23,27.7,4.5,2.22,0,0,0.0,65.2,15,4,11.8,23,2,5,62.6,0,1,26,0.0,57.3,0.0,0,0,0,0,0,1,3.8,105,4.6,0,37.5,8,8,9.6,30.4,3.31,0,1,12.5,37.5,3,5,0.0,8,0,3,60.7,0,1,8,0.0,36.5,0.0,0,0,0,0,0,1,12.5,82,10.3,5,100.0,2,2,2.4,-1.5,1.5,0,0,0.0,100.0,2,1,0.0,2,0,1,62.0,0,0,2,0.0,91.7,0.0,0,0,0,0,0,0,0.0,12,6.0,25.0,4,4,4.8,37.3,3.15,0,1,25.0,25.0,1,3,0.0,4,0,1,53.8,0,1,4,0.0,26.0,0.0,0,0,0,0,0,1,25.0,37,9.3,100.0,3,3,3.6,14.3,2.63,0,0,0.0,100.0,3,2,0.0,3,0,2,74.7,0,0,5,0.0,158.3,0.0,0,0,0,0,1,0,0.0,73,24.3,50.0,6,6,7.2,3.8,1.98,0,0,0.0,50.0,3,1,0.0,6,0,1,52.7,0,0,6,0.0,61.8,0.0,0,0,0,0,0,0,0.0,26,4.3,63.6,22,22,26.5,14.1,2.9,0,0,0.0,63.6,14,5,0.0,22,0,12,60.8,0,2,25,0.0,82.2,0.0,0,0,0,0,1,3,12.0,263,12.0,0,100.0,3,3,3.6,-2.3,1.6,0,0,0.0,100.0,3,0,0.0,3,0,1,63.1,0,0,3,,86.1,0.0,0,0,0,0,0,0,0.0,14,4.7,0.0,1,1,1.2,29.0,5.3,0,0,0.0,0.0,0,1,,1,0,0,50.4,0,0,1,0.0,39.6,0.0,0,0,0,0,0,0,0.0,0,0.0,50.0,4,4,4.8,12.8,3.43,0,0,0.0,50.0,2,0,0.0,4,0,2,57.1,0,0,4,,72.9,0.0,0,0,0,0,0,1,25.0,28,7.0,40.0,5,5,6.0,3.0,2.22,0,0,0.0,40.0,2,0,0.0,5,0,0,31.5,0,0,5,,47.9,0.0,0,0,0,0,0,1,20.0,9,1.8,64.7,34,34,41.0,4.2,2.18,0,0,0.0,58.8,20,5,9.1,34,2,6,51.4,0,1,37,0.0,56.0,0.0,0,0,0,0,0,2,5.4,140,4.1
Blake Bortles,8638,QB,JAX,3,86,94,70.0,10,10,11.6,-2.5,2.27,0,0,0.0,70.0,7,2,0.0,10,0,4,57.8,0,0,11,0.0,84.2,0.0,0,0,0,0,0,0,0.0,57,5.7,87.5,8,8,9.3,-2.9,2.28,0,0,0.0,87.5,7,1,0.0,8,0,4,61.3,0,0,9,0.0,96.4,0.0,0,0,0,0,0,0,0.0,57,7.1,33.3,3,3,3.5,23.0,2.53,0,1,33.3,33.3,1,2,0.0,3,0,1,65.9,0,0,3,0.0,111.1,0.0,0,0,0,0,1,0,0.0,30,10.0,75.0,8,8,9.3,12.5,2.5,0,1,11.1,75.0,6,1,0.0,8,0,6,77.0,0,1,9,0.0,104.7,0.0,0,0,0,0,1,0,0.0,77,9.6,92.3,26,26,30.2,4.8,2.3,0,0,0.0,80.8,21,5,12.5,26,3,11,75.1,0,1,28,0.0,97.8,0.0,0,0,0,0,1,1,3.6,214,8.2,0,33.3,9,9,10.5,25.9,2.5,0,2,18.2,33.3,3,4,0.0,9,0,3,66.3,0,0,11,0.0,99.3,0.0,0,0,0,0,1,1,9.1,70,7.8,15,0.0,1,1,1.2,-1.0,2.7,0,0,0.0,0.0,0,1,,1,0,0,60.0,0,0,1,0.0,39.6,0.0,0,0,0,0,0,0,0.0,0,0.0,33.3,3,3,3.5,26.0,2.6,0,1,20.0,33.3,1,0,0.0,3,0,1,71.6,0,0,5,,57.6,0.0,0,0,0,0,0,0,0.0,20,6.7,20.0,5,5,5.8,14.2,2.44,0,0,0.0,20.0,1,2,0.0,5,0,1,53.8,0,0,5,0.0,41.3,0.0,0,0,0,0,0,0,0.0,17,3.4,83.3,6,6,7.0,3.2,3.2,0,0,0.0,66.7,4,2,20.0,6,1,2,66.5,0,0,7,0.0,84.7,0.0,0,0,0,0,0,0,0.0,39,6.5,59.1,22,22,25.6,13.3,2.67,0,2,8.3,59.1,13,5,0.0,22,0,13,72.0,0,1,24,0.0,109.3,0.0,0,0,0,0,3,1,4.2,197,9.0,0,0.0,1,1,1.2,-1.0,1.8,0,0,0.0,0.0,0,0,,1,0,0,57.2,0,0,1,,39.6,0.0,0,0,0,0,0,0,0.0,0,0.0,33.3,3,3,3.5,28.7,2.37,0,0,0.0,33.3,1,2,0.0,3,0,1,52.3,0,0,3,0.0,57.6,0.0,0,0,0,0,0,1,33.3,20,6.7,66.7,9,9,10.5,13.6,2.96,0,1,10.0,66.7,6,2,0.0,9,0,6,70.0,0,0,10,0.0,144.9,0.0,0,0,0,0,2,1,10.0,103,11.4,100.0,4,4,4.7,1.5,2.68,0,0,0.0,75.0,3,2,25.0,4,1,1,59.8,0,0,4,0.0,119.8,0.0,0,0,0,0,1,0,0.0,15,3.8,91.7,36,36,41.9,4.2,2.49,0,0,0.0,77.8,28,9,15.2,36,5,14,74.2,0,1,39,0.0,104.6,0.0,0,0,0,0,2,1,2.6,268,7.4
Jared Goff,10635,QB,LA,3,81,86,81.8,11,11,13.6,-3.5,2.01,0,0,0.0,81.8,9,4,0.0,11,0,3,58.9,0,0,13,0.0,128.4,0.0,0,0,0,0,1,0,0.0,83,7.5,87.5,8,8,9.9,-3.4,1.89,0,0,0.0,87.5,7,2,0.0,8,0,2,60.1,0,0,8,0.0,101.6,0.0,0,0,0,0,0,0,0.0,67,8.4,66.7,3,3,3.7,24.3,2.83,0,3,100.0,66.7,2,0,0.0,3,0,2,98.3,0,0,3,,149.3,0.0,0,0,0,0,1,0,0.0,42,14.0,66.7,6,6,7.4,12.3,2.25,0,0,0.0,66.7,4,1,0.0,6,0,4,74.0,0,0,6,0.0,109.7,0.0,0,0,0,0,0,0,0.0,80,13.3,91.7,24,24,29.6,4.1,2.46,0,0,0.0,87.5,21,9,4.5,24,1,11,72.4,0,1,24,0.0,116.0,0.0,0,0,0,0,2,1,4.2,224,9.3,0,69.2,13,13,16.0,26.5,3.24,0,6,42.9,69.2,9,5,0.0,13,0,9,97.6,0,0,14,0.0,137.5,0.0,0,0,0,0,1,0,0.0,304,23.4,26,100.0,2,2,2.5,-2.5,2.45,0,0,0.0,100.0,2,1,0.0,2,0,1,62.2,0,0,2,0.0,139.6,0.0,0,0,0,0,1,0,0.0,16,8.0,100.0,4,4,4.9,29.0,3.0,0,3,75.0,100.0,4,2,0.0,4,0,4,99.9,0,0,4,0.0,118.8,0.0,0,0,0,0,0,0,0.0,134,33.5,66.7,3,3,3.7,15.7,3.07,0,0,0.0,66.7,2,1,0.0,3,0,2,67.7,0,0,3,0.0,109.7,0.0,0,0,0,0,0,0,0.0,39,13.0,66.7,9,9,11.1,4.6,2.44,0,0,0.0,66.7,6,2,0.0,9,0,2,47.6,0,0,9,0.0,79.4,0.0,0,0,0,0,0,0,0.0,47,5.2,54.5,11,11,13.6,13.0,2.66,0,0,0.0,54.5,6,4,0.0,11,0,6,62.1,0,0,13,0.0,92.6,0.0,0,0,0,0,0,0,0.0,119,10.8,0,0.0,1,1,1.2,-6.0,2.1,0,0,0.0,0.0,0,1,,1,0,0,55.5,0,0,3,0.0,39.6,0.0,0,0,0,0,0,0,0.0,0,0.0,50.0,6,6,7.4,25.8,3.6,0,0,0.0,50.0,3,3,0.0,6,0,3,58.8,0,0,7,0.0,95.8,0.0,0,0,0,0,0,0,0.0,128,21.3,0.0,2,2,2.5,11.0,3.3,0,0,0.0,0.0,0,2,,2,0,0,40.2,0,0,4,0.0,39.6,0.0,0,0,0,0,0,0,0.0,0,0.0,77.8,9,9,11.1,3.6,2.66,0,0,0.0,66.7,6,2,14.3,9,1,3,59.2,0,0,10,0.0,113.2,0.0,0,0,0,0,1,0,0.0,40,4.4,83.3,42,42,51.9,4.1,2.5,0,0,0.0,78.6,33,13,5.7,42,2,16,64.2,0,1,43,0.0,111.4,0.0,0,0,0,0,3,1,2.3,311,7.4
Jay Cutler,2956,QB,MIA,2,77,83,100.0,8,8,10.4,-3.0,1.4,0,0,0.0,100.0,8,0,0.0,8,0,1,65.6,0,0,8,,79.2,0.0,0,0,0,0,0,0,0.0,22,2.8,100.0,5,5,6.5,-2.8,1.38,0,0,0.0,100.0,5,0,0.0,5,0,1,64.6,0,0,5,,89.2,0.0,0,0,0,0,0,0,0.0,27,5.4,25.0,4,4,5.2,27.3,4.15,0,0,0.0,25.0,1,2,0.0,4,0,1,61.4,0,0,4,0.0,59.4,0.0,0,0,0,0,0,0,0.0,31,7.8,42.9,7,7,9.1,13.4,2.96,0,0,0.0,28.6,2,1,33.3,7,1,2,46.6,0,1,7,0.0,4.8,0.0,0,0,0,0,0,1,14.3,29,4.1,89.5,19,19,24.7,4.1,2.23,0,0,0.0,78.9,15,7,11.8,19,2,7,64.2,0,0,19,0.0,107.0,0.0,0,0,0,0,1,0,0.0,104,5.5,0,33.3,15,15,19.5,28.5,3.16,0,1,6.3,26.7,4,9,20.0,15,1,4,67.3,0,0,16,0.0,81.8,0.0,0,0,0,0,1,0,0.0,117,7.8,17,100.0,2,2,2.6,-3.0,1.65,0,0,0.0,100.0,2,0,0.0,2,0,0,61.8,0,0,2,,79.2,0.0,0,0,0,0,0,0,0.0,-4,-2.0,33.3,3,3,3.9,22.7,2.23,0,0,0.0,0.0,0,2,100.0,3,1,0,75.7,0,0,4,0.0,39.6,0.0,0,0,0,0,0,0,0.0,0,0.0,50.0,4,4,5.2,13.8,2.48,0,0,0.0,50.0,2,1,0.0,4,0,2,39.9,0,0,4,0.0,72.9,0.0,0,0,0,0,0,0,0.0,28,7.0,100.0,7,7,9.1,3.0,2.36,0,0,0.0,85.7,6,2,14.3,7,1,4,59.9,0,0,7,0.0,92.9,0.0,0,0,0,0,0,0,0.0,44,6.3,64.7,17,17,22.1,13.1,2.82,0,0,0.0,52.9,9,3,18.2,17,2,9,58.2,0,1,17,0.0,52.1,0.0,0,0,0,0,0,1,5.9,124,7.3,0,100.0,1,1,1.3,-4.0,1.0,0,0,0.0,100.0,1,0,0.0,1,0,0,60.0,0,0,1,,79.2,0.0,0,0,0,0,0,0,0.0,-1,-1.0,37.5,8,8,10.4,31.3,3.01,0,1,12.5,37.5,3,5,0.0,8,0,3,60.2,0,0,8,0.0,117.7,0.0,0,0,0,0,1,0,0.0,86,10.8,100.0,6,6,7.8,12.2,2.88,0,0,0.0,83.3,5,1,16.7,6,1,5,87.2,0,0,6,0.0,113.2,0.0,0,0,0,0,0,0,0.0,67,11.2,88.9,9,9,11.7,3.8,2.4,0,0,0.0,88.9,8,3,0.0,9,0,0,56.1,0,0,9,0.0,84.7,0.0,0,0,0,0,0,0,0.0,39,4.3,91.4,35,35,45.5,3.8,2.3,0,0,0.0,82.9,29,12,9.4,35,3,11,61.0,0,0,35,0.0,98.5,0.0,0,0,0,0,1,0,0.0,187,5.3
Jameis Winston,9434,QB,TB,2,70,76,100.0,5,5,7.1,-2.4,2.56,0,0,0.0,100.0,5,2,0.0,5,0,0,64.9,0,0,6,0.0,79.2,0.0,0,0,0,0,0,0,0.0,11,2.2,100.0,1,1,1.4,-2.0,1.0,0,0,0.0,100.0,1,0,0.0,1,0,0,60.0,0,0,1,,83.3,0.0,0,0,0,0,0,0,0.0,4,4.0,0.0,4,4,5.7,33.0,2.65,0,0,0.0,0.0,0,1,,4,0,0,28.7,0,2,5,0.0,0.0,0.0,0,0,0,0,0,1,20.0,0,0.0,70.0,20,20,28.6,14.0,2.4,0,1,4.8,65.0,13,1,7.1,20,1,12,76.4,0,1,21,0.0,92.7,0.0,0,0,0,0,1,1,4.8,195,9.8,83.3,12,12,17.1,4.8,2.01,0,0,0.0,83.3,10,4,0.0,12,0,5,64.0,0,0,12,0.0,99.3,0.0,0,0,0,0,0,1,8.3,94,7.8,0,30.0,10,10,14.3,32.9,2.77,0,4,33.3,30.0,3,2,0.0,10,0,3,69.5,0,2,12,0.0,53.3,0.0,0,0,0,0,1,1,8.3,78,7.8,30,100.0,2,2,2.9,-1.0,3.9,0,0,0.0,100.0,2,1,0.0,2,0,0,61.9,0,0,2,0.0,79.2,0.0,0,0,0,0,0,0,0.0,3,1.5,0.0,3,3,4.3,40.0,3.17,0,1,33.3,0.0,0,1,,3,0,0,67.4,0,0,3,0.0,39.6,0.0,0,0,0,0,0,0,0.0,0,0.0,57.1,7,7,10.0,13.3,2.67,0,0,0.0,57.1,4,1,0.0,7,0,4,65.9,0,0,7,0.0,79.5,0.0,0,0,0,0,0,0,0.0,50,7.1,60.0,5,5,7.1,4.0,2.28,0,0,0.0,60.0,3,2,0.0,5,0,3,70.6,0,0,5,0.0,71.3,0.0,0,0,0,0,0,0,0.0,23,4.6,63.6,33,33,47.1,13.8,2.54,0,1,2.9,60.6,20,3,4.8,33,1,19,73.9,0,1,34,0.0,96.5,0.0,0,0,0,0,2,2,5.9,288,8.7,0,100.0,2,2,2.9,-4.0,2.0,0,0,0.0,100.0,2,1,0.0,2,0,0,63.1,0,0,3,0.0,79.2,0.0,0,0,0,0,0,0,0.0,4,2.0,100.0,3,3,4.3,25.7,2.53,0,3,75.0,100.0,3,0,0.0,3,0,3,96.3,0,0,4,,158.3,0.0,0,0,0,0,1,0,0.0,78,26.0,50.0,6,6,8.6,13.8,2.83,0,0,0.0,50.0,3,1,0.0,6,0,3,60.8,0,0,6,0.0,113.2,0.0,0,0,0,0,1,1,16.7,43,7.2,100.0,5,5,7.1,4.2,1.7,0,0,0.0,100.0,5,1,0.0,5,0,2,71.0,0,0,5,0.0,98.3,0.0,0,0,0,0,0,0,0.0,38,7.6,81.8,22,22,31.4,4.5,2.0,0,0,0.0,81.8,18,7,0.0,22,0,10,71.6,0,0,22,0.0,96.0,0.0,0,0,0,0,0,1,4.5,155,7.0
Jacoby Brissett,10725,QB,IND,3,64,75,75.0,8,8,12.5,-2.5,2.13,0,0,0.0,62.5,5,3,16.7,8,1,0,66.2,0,0,9,0.0,66.7,0.0,0,0,0,0,0,0,0.0,21,2.6,60.0,5,5,7.8,-2.2,1.94,0,0,0.0,40.0,2,2,33.3,5,1,0,64.3,0,0,5,0.0,47.9,0.0,0,0,0,0,0,0,0.0,15,3.0,100.0,1,1,1.6,21.0,2.3,0,0,0.0,100.0,1,0,0.0,1,0,1,74.8,0,0,1,,118.8,0.0,0,0,0,0,0,0,0.0,22,22.0,80.0,5,5,7.8,15.4,2.86,0,0,0.0,60.0,3,1,25.0,5,1,3,52.9,0,1,5,0.0,59.2,0.0,0,0,0,0,0,1,20.0,56,11.2,76.2,21,21,32.8,4.2,2.52,0,0,0.0,71.4,15,6,6.3,21,1,6,74.3,0,0,21,0.0,88.8,0.0,0,0,0,0,0,0,0.0,137,6.5,0,80.0,5,5,7.8,35.0,2.62,0,0,0.0,60.0,3,0,25.0,5,1,3,84.7,0,0,6,,104.2,0.0,0,0,0,0,0,0,0.0,106,21.2,14,100.0,1,1,1.6,-3.0,2.7,0,0,0.0,100.0,1,1,0.0,1,0,0,60.0,0,0,1,0.0,79.2,0.0,0,0,0,0,0,0,0.0,2,2.0,100.0,2,2,3.1,39.0,2.6,0,0,0.0,100.0,2,0,0.0,2,0,2,74.4,0,0,2,,118.8,0.0,0,0,0,0,0,0,0.0,84,42.0,75.0,4,4,6.3,15.8,2.65,0,0,0.0,75.0,3,1,0.0,4,0,3,79.6,0,0,4,0.0,116.7,0.0,0,0,0,0,0,0,0.0,66,16.5,100.0,4,4,6.3,4.0,3.15,0,0,0.0,75.0,3,2,25.0,4,1,0,62.6,0,0,4,0.0,85.4,0.0,0,0,0,0,0,0,0.0,20,5.0,73.3,15,15,23.4,14.5,2.98,0,0,0.0,60.0,9,4,18.2,15,2,9,68.6,0,1,15,0.0,98.6,0.0,0,0,0,0,1,1,6.7,208,13.9,0,100.0,2,2,3.1,-3.0,2.3,0,0,0.0,100.0,2,0,0.0,2,0,0,63.4,0,0,3,,79.2,0.0,0,0,0,0,0,0,0.0,4,2.0,50.0,2,2,3.1,38.0,2.8,0,0,0.0,0.0,0,0,100.0,2,1,0,72.0,0,0,3,,39.6,0.0,0,0,0,0,0,0,0.0,0,0.0,66.7,6,6,9.4,13.0,3.3,0,0,0.0,50.0,3,2,25.0,6,1,3,66.3,0,0,6,0.0,135.4,0.0,0,0,0,0,1,0,0.0,86,14.3,80.0,5,5,7.8,7.0,2.26,0,0,0.0,80.0,4,1,0.0,5,0,1,60.1,0,0,5,0.0,95.0,0.0,0,0,0,0,0,0,0.0,34,6.8,80.0,30,30,46.9,4.7,2.56,0,0,0.0,73.3,22,9,8.3,30,2,7,71.5,0,0,30,0.0,89.7,0.0,0,0,0,0,0,0,0.0,191,6.4
Case Keenum,7323,QB,MIN,2,70,75,100.0,13,13,18.6,-3.8,1.85,0,0,0.0,84.6,11,5,15.4,13,2,2,67.3,0,0,13,0.0,88.8,0.0,0,0,0,0,0,0,0.0,69,5.3,100.0,5,5,7.1,-4.4,1.6,0,0,0.0,80.0,4,1,20.0,5,1,0,64.6,0,0,5,0.0,79.2,0.0,0,0,0,0,0,0,0.0,9,1.8,100.0,2,2,2.9,33.0,2.85,0,1,50.0,100.0,2,2,0.0,2,0,2,91.4,0,0,2,0.0,118.8,0.0,0,0,0,0,0,0,0.0,74,37.0,66.7,6,6,8.6,12.5,2.63,0,0,0.0,66.7,4,4,0.0,6,0,4,73.7,0,0,9,0.0,95.1,0.0,0,0,0,0,0,0,0.0,54,9.0,90.9,11,11,15.7,3.7,2.31,0,0,0.0,90.9,10,3,0.0,11,0,1,55.7,0,0,12,0.0,87.1,0.0,0,0,0,0,0,0,0.0,54,4.9,0,41.7,12,12,17.1,28.6,2.77,0,3,21.4,41.7,5,5,0.0,12,0,5,80.6,0,0,14,0.0,116.7,0.0,0,0,0,0,1,0,0.0,157,13.1,18,100.0,4,4,5.7,-3.5,2.1,0,0,0.0,75.0,3,2,25.0,4,1,0,63.6,0,0,4,0.0,77.1,0.0,0,0,0,0,0,0,0.0,3,0.8,16.7,6,6,8.6,28.5,2.95,0,1,14.3,16.7,1,1,0.0,6,0,1,57.0,0,0,7,0.0,58.3,0.0,0,0,0,0,0,0,0.0,45,7.5,75.0,4,4,5.7,15.5,2.53,0,0,0.0,75.0,3,3,0.0,4,0,3,73.9,0,0,4,0.0,116.7,0.0,0,0,0,0,0,0,0.0,57,14.3,100.0,5,5,7.1,3.8,2.42,0,0,0.0,100.0,5,2,0.0,5,0,2,63.0,0,0,5,0.0,97.5,0.0,0,0,0,0,0,0,0.0,37,7.4,66.7,15,15,21.4,14.3,2.65,0,0,0.0,60.0,9,8,10.0,15,1,9,78.4,0,0,18,0.0,126.3,0.0,0,0,0,0,1,0,0.0,187,12.5,0,100.0,4,4,5.7,-3.5,1.93,0,0,0.0,100.0,4,2,0.0,4,0,2,64.0,0,0,4,0.0,118.8,0.0,0,0,0,0,0,0,0.0,57,14.3,50.0,4,4,5.7,26.5,2.45,0,1,20.0,50.0,2,2,0.0,4,0,2,80.9,0,0,5,0.0,122.9,0.0,0,0,0,0,1,0,0.0,38,9.5,60.0,5,5,7.1,15.6,2.76,0,0,0.0,40.0,2,1,33.3,5,1,2,69.9,0,0,5,0.0,127.1,0.0,0,0,0,0,1,0,0.0,76,15.2,62.5,8,8,11.4,3.9,2.3,0,0,0.0,62.5,5,1,0.0,8,0,5,70.7,0,0,8,0.0,110.4,0.0,0,0,0,0,1,0,0.0,32,4.0,83.3,24,24,34.3,3.8,2.33,0,0,0.0,83.3,20,6,0.0,24,0,8,63.8,0,0,25,0.0,101.9,0.0,0,0,0,0,1,0,0.0,123,5.1
Joe Flacco,4332,QB,BLT,3,69,74,85.7,14,14,20.3,-2.7,2.35,0,0,0.0,85.7,12,4,0.0,14,0,3,68.3,0,0,16,0.0,87.8,0.0,0,0,0,0,0,0,0.0,71,5.1,90.9,11,11,15.9,-3.2,2.26,0,0,0.0,90.9,10,2,0.0,11,0,3,67.4,0,0,12,0.0,87.9,0.0,0,0,0,0,0,0,0.0,56,5.1,,0,0,0.0,,,0,0,,,0,0,,0,0,0,,0,0,0,,0.0,,0,0,0,0,0,0,,0,,33.3,6,6,8.7,15.3,2.62,0,0,0.0,33.3,2,1,0.0,6,0,2,50.5,0,1,6,0.0,19.4,0.0,0,0,0,0,0,1,16.7,42,7.0,82.6,23,23,33.3,3.7,2.2,0,0,0.0,69.6,16,6,15.8,23,3,10,60.2,0,1,24,0.0,86.9,0.0,0,0,0,0,1,0,0.0,168,7.3,0,20.0,5,5,7.2,29.0,3.8,0,0,0.0,20.0,1,3,0.0,5,0,1,48.9,0,1,5,0.0,4.2,0.0,0,0,0,0,0,1,20.0,20,4.0,3,100.0,2,2,2.9,-1.0,2.65,0,0,0.0,100.0,2,1,0.0,2,0,0,61.9,0,0,2,0.0,97.9,0.0,0,0,0,0,0,0,0.0,15,7.5,0.0,2,2,2.9,38.0,2.75,0,0,0.0,0.0,0,1,,2,0,0,39.8,0,1,2,0.0,0.0,0.0,0,0,0,0,0,1,50.0,0,0.0,0.0,3,3,4.3,15.0,2.13,0,0,0.0,0.0,0,1,,3,0,0,40.1,0,1,3,0.0,0.0,0.0,0,0,0,0,0,0,0.0,0,0.0,71.4,7,7,10.1,5.4,2.26,0,0,0.0,57.1,4,3,20.0,7,1,2,78.4,0,0,8,0.0,65.2,0.0,0,0,0,0,0,0,0.0,26,3.7,30.0,10,10,14.5,15.1,2.62,0,1,10.0,30.0,3,2,0.0,10,0,3,51.9,0,2,10,0.0,42.1,0.0,0,0,0,0,1,1,10.0,51,5.1,0,0.0,1,1,1.4,-1.0,2.7,0,0,0.0,0.0,0,1,,1,0,0,62.2,0,0,2,0.0,39.6,0.0,0,0,0,0,0,0,0.0,0,0.0,33.3,3,3,4.3,23.0,4.5,0,0,0.0,33.3,1,2,0.0,3,0,1,62.7,0,0,3,0.0,57.6,0.0,0,0,0,0,0,0,0.0,20,6.7,100.0,1,1,1.4,14.0,4.1,0,1,100.0,100.0,1,0,0.0,1,0,1,82.5,0,0,1,,143.8,0.0,0,0,0,0,1,0,0.0,9,9.0,85.7,7,7,10.1,2.0,2.04,0,0,0.0,85.7,6,1,0.0,7,0,3,78.1,0,0,9,0.0,124.1,0.0,0,0,0,0,1,0,0.0,30,4.3,81.1,37,37,53.6,3.7,2.18,0,0,0.0,70.3,26,10,13.3,37,4,15,73.8,0,1,41,0.0,92.6,0.0,0,0,0,0,2,0,0.0,224,6.1
Sam Bradford,5526,QB,MIN,1,32,33,75.0,4,4,12.5,-4.3,2.4,0,0,0.0,75.0,3,1,0.0,4,0,1,57.9,0,0,5,0.0,97.9,0.0,0,0,0,0,0,0,0.0,32,8.0,100.0,2,2,6.3,-4.5,2.55,0,0,0.0,100.0,2,0,0.0,2,0,1,61.9,0,0,2,,118.8,0.0,0,0,0,0,0,0,0.0,28,14.0,100.0,1,1,3.1,22.0,3.1,0,1,100.0,100.0,1,0,0.0,1,0,1,84.4,0,0,1,,118.8,0.0,0,0,0,0,0,0,0.0,35,35.0,100.0,2,2,6.3,17.0,2.5,0,1,50.0,100.0,2,1,0.0,2,0,2,90.2,0,0,2,0.0,118.8,0.0,0,0,0,0,0,0,0.0,65,32.5,83.3,12,12,37.5,3.4,2.41,0,0,0.0,83.3,10,0,0.0,12,0,2,48.2,0,0,12,,85.4,0.0,0,0,0,0,0,1,8.3,54,4.5,0,100.0,5,5,15.6,23.4,2.56,0,1,20.0,100.0,5,0,0.0,5,0,5,96.3,0,0,5,,158.3,0.0,0,0,0,0,1,0,0.0,130,26.0,18,,0,0,0.0,,,0,0,0.0,,0,0,,0,0,0,60.0,0,0,1,,0.0,,0,0,0,0,0,0,0.0,0,,,0,0,0.0,,,0,0,,,0,0,,0,0,0,,0,0,0,,0.0,,0,0,0,0,0,0,,0,,100.0,1,1,3.1,14.0,2.3,0,1,100.0,100.0,1,1,0.0,1,0,1,82.7,0,0,1,0.0,158.3,0.0,0,0,0,0,1,0,0.0,15,15.0,100.0,3,3,9.4,4.3,1.97,0,0,0.0,66.7,2,0,33.3,3,1,1,71.8,0,0,3,,75.7,0.0,0,0,0,0,0,0,0.0,13,4.3,80.0,5,5,15.6,16.8,2.48,0,3,60.0,80.0,4,3,0.0,5,0,4,94.6,0,0,5,0.0,158.3,0.0,0,0,0,0,1,0,0.0,104,20.8,0,50.0,2,2,6.3,-4.0,2.25,0,0,0.0,50.0,1,1,0.0,2,0,0,54.8,0,0,2,0.0,56.3,0.0,0,0,0,0,0,0,0.0,4,2.0,100.0,4,4,12.5,23.8,2.43,0,0,0.0,100.0,4,0,0.0,4,0,4,93.4,0,0,4,,158.3,0.0,0,0,0,0,1,0,0.0,95,23.8,50.0,2,2,6.3,18.0,2.55,0,1,50.0,50.0,1,1,0.0,2,0,1,76.1,0,0,2,0.0,93.8,0.0,0,0,0,0,0,0,0.0,24,12.0,100.0,3,3,9.4,4.0,1.97,0,0,0.0,100.0,3,1,0.0,3,0,1,78.2,0,0,4,0.0,124.3,0.0,0,0,0,0,1,0,0.0,13,4.3,88.9,18,18,56.3,3.7,2.26,0,0,0.0,83.3,15,1,6.3,18,1,4,65.0,0,0,19,0.0,103.7,0.0,0,0,0,0,1,1,5.3,80,4.4
Scott Tolzien,6749,QB,IND,1,18,23,100.0,3,3,16.7,-4.0,2.17,0,0,0.0,100.0,3,1,0.0,3,0,1,63.0,0,0,3,0.0,104.2,0.0,0,0,0,0,0,0,0.0,27,9.0,100.0,2,2,11.1,-4.0,1.95,0,0,0.0,100.0,2,0,0.0,2,0,0,61.9,0,0,2,,79.2,0.0,0,0,0,0,0,0,0.0,6,3.0,50.0,2,2,11.1,26.0,2.65,0,0,0.0,50.0,1,1,0.0,2,0,1,73.2,0,0,2,0.0,95.8,0.0,0,0,0,0,0,0,0.0,32,16.0,50.0,2,2,11.1,14.0,2.65,0,0,0.0,50.0,1,0,0.0,2,0,1,60.2,0,0,2,,85.4,0.0,0,0,0,0,0,0,0.0,20,10.0,100.0,3,3,16.7,3.3,2.4,0,0,0.0,100.0,3,1,0.0,3,0,1,63.3,0,0,3,0.0,112.5,0.0,0,0,0,0,0,0,0.0,33,11.0,0,33.3,3,3,16.7,25.3,2.67,0,0,0.0,33.3,1,2,0.0,3,0,1,63.8,0,0,3,0.0,74.3,0.0,0,0,0,0,0,0,0.0,32,10.7,14,,0,0,0.0,,,0,0,,,0,0,,0,0,0,,0,0,0,,0.0,,0,0,0,0,0,0,,0,,,0,0,0.0,,,0,0,,,0,0,,0,0,0,,0,0,0,,0.0,,0,0,0,0,0,0,,0,,0.0,2,2,11.1,15.0,2.5,0,0,0.0,0.0,0,1,,2,0,0,26.1,0,1,2,0.0,0.0,0.0,0,0,0,0,0,1,50.0,0,0.0,0.0,2,2,11.1,7.5,1.6,0,0,0.0,0.0,0,0,,2,0,0,16.3,0,1,2,,0.0,0.0,0,0,0,0,0,2,100.0,0,0.0,40.0,5,5,27.8,14.0,2.6,0,0,0.0,40.0,2,1,0.0,5,0,2,39.4,0,1,5,0.0,25.8,0.0,0,0,0,0,0,1,20.0,36,7.2,0,100.0,1,1,5.6,-4.0,2.6,0,0,0.0,100.0,1,1,0.0,1,0,1,60.0,0,0,1,0.0,118.8,0.0,0,0,0,0,0,0,0.0,21,21.0,0.0,1,1,5.6,24.0,2.7,0,0,0.0,0.0,0,1,,1,0,0,50.4,0,0,1,0.0,39.6,0.0,0,0,0,0,0,0,0.0,0,0.0,100.0,1,1,5.6,12.0,2.7,0,0,0.0,100.0,1,0,0.0,1,0,1,70.7,0,0,1,,118.8,0.0,0,0,0,0,0,0,0.0,16,16.0,0.0,1,1,5.6,4.0,1.4,0,0,0.0,0.0,0,0,,1,0,0,34.3,0,0,1,,39.6,0.0,0,0,0,0,0,1,100.0,0,0.0,50.0,6,6,33.3,4.8,1.97,0,0,0.0,50.0,3,1,0.0,6,0,1,18.2,0,1,6,0.0,27.1,0.0,0,0,0,0,0,3,50.0,33,5.5
Tom Savage,8770,QB,HST,1,13,19,,0,0,0.0,,,0,0,,,0,0,,0,0,0,,0,0,0,,0.0,,0,0,0,0,0,0,,0,,,0,0,0.0,,,0,0,,,0,0,,0,0,0,,0,0,0,,0.0,,0,0,0,0,0,0,,0,,,0,0,0.0,,,0,0,,,0,0,,0,0,0,,0,0,0,,0.0,,0,0,0,0,0,0,,0,,66.7,3,3,23.1,15.3,3.07,0,0,0.0,66.7,2,2,0.0,3,0,2,67.6,0,0,4,0.0,99.3,0.0,0,0,0,0,0,0,0.0,30,10.0,75.0,4,4,30.8,4.8,2.58,0,0,0.0,75.0,3,1,0.0,4,0,3,62.7,0,0,4,0.0,87.5,0.0,0,0,0,0,0,0,0.0,22,5.5,0,0.0,1,1,7.7,34.0,3.1,0,0,0.0,0.0,0,0,,1,0,0,56.4,0,0,2,,39.6,0.0,0,0,0,0,0,0,0.0,0,0.0,13,,0,0,0.0,,,0,0,,,0,0,,0,0,0,,0,0,0,,0.0,,0,0,0,0,0,0,,0,,0.0,1,1,7.7,34.0,3.1,0,0,0.0,0.0,0,0,,1,0,0,56.4,0,0,2,,39.6,0.0,0,0,0,0,0,0,0.0,0,0.0,,0,0,0.0,,,0,0,,,0,0,,0,0,0,,0,0,0,,0.0,,0,0,0,0,0,0,,0,,66.7,3,3,23.1,4.0,1.83,0,0,0.0,66.7,2,1,0.0,3,0,0,62.7,0,0,4,0.0,71.5,0.0,0,0,0,0,0,0,0.0,10,3.3,66.7,3,3,23.1,15.3,3.07,0,0,0.0,66.7,2,2,0.0,3,0,2,67.6,0,0,4,0.0,99.3,0.0,0,0,0,0,0,0,0.0,30,10.0,0,,0,0,0.0,,,0,0,,,0,0,,0,0,0,,0,0,0,,0.0,,0,0,0,0,0,0,,0,,,0,0,0.0,,,0,0,,,0,0,,0,0,0,,0,0,0,,0.0,,0,0,0,0,0,0,,0,,,0,0,0.0,,,0,0,,,0,0,,0,0,0,,0,0,0,,0.0,,0,0,0,0,0,0,,0,,100.0,1,1,7.7,0.0,2.4,0,0,0.0,0.0,0,0,100.0,1,1,0,60.0,0,0,1,,39.6,0.0,0,0,0,0,0,0,0.0,0,0.0,75.0,8,8,61.5,3.9,2.28,0,0,0.0,62.5,5,2,16.7,8,1,3,64.1,0,0,9,0.0,70.8,0.0,0,0,0,0,0,0,0.0,32,4.0
Kevin Hogan,10796,QB,CLV,1,11,13,,0,0,0.0,,,0,0,,,0,0,,0,0,0,,0,0,0,,0.0,,0,0,0,0,0,0,,0,,,0,0,0.0,,,0,0,,,0,0,,0,0,0,,0,0,0,,0.0,,0,0,0,0,0,0,,0,,0.0,1,1,9.1,29.0,3.6,0,0,0.0,0.0,0,1,,1,0,0,74.8,0,0,1,0.0,39.6,0.0,0,0,0,0,0,0,0.0,0,0.0,,0,0,0.0,,,0,0,,,0,0,,0,0,0,,0,0,0,,0.0,,0,0,0,0,0,0,,0,,50.0,4,4,36.4,5.5,2.35,0,0,0.0,25.0,1,0,50.0,4,1,1,52.2,0,0,4,,39.6,0.0,0,0,0,0,0,1,25.0,4,1.0,0,60.0,5,5,45.5,26.4,3.04,0,1,16.7,60.0,3,2,0.0,5,0,3,92.7,0,0,6,0.0,143.8,0.0,0,0,0,0,1,0,0.0,106,21.2,8,,0,0,0.0,,,0,0,,,0,0,,0,0,0,,0,0,0,,0.0,,0,0,0,0,0,0,,0,,100.0,1,1,9.1,32.0,2.7,0,0,0.0,100.0,1,1,0.0,1,0,1,71.7,0,0,2,0.0,118.8,0.0,0,0,0,0,0,0,0.0,34,34.0,,0,0,0.0,,,0,0,,,0,0,,0,0,0,,0,0,0,,0.0,,0,0,0,0,0,0,,0,,100.0,1,1,9.1,2.0,2.7,0,0,0.0,100.0,1,0,0.0,1,0,0,60.1,0,0,1,,100.0,0.0,0,0,0,0,0,0,0.0,8,8.0,0.0,1,1,9.1,16.0,4.5,0,0,0.0,0.0,0,1,,1,0,0,22.0,0,1,1,0.0,0.0,0.0,0,0,0,0,0,1,100.0,0,0.0,0,,0,0,0.0,,,0,0,,,0,0,,0,0,0,,0,0,0,,0.0,,0,0,0,0,0,0,,0,,66.7,3,3,27.3,23.7,2.97,0,1,33.3,66.7,2,0,0.0,3,0,2,91.2,0,0,3,,149.3,0.0,0,0,0,0,1,0,0.0,72,24.0,0.0,1,1,9.1,16.0,4.5,0,0,0.0,0.0,0,1,,1,0,0,22.0,0,1,1,0.0,0.0,0.0,0,0,0,0,0,1,100.0,0,0.0,,0,0,0.0,,,0,0,,,0,0,,0,0,0,,0,0,0,,0.0,,0,0,0,0,0,0,,0,,60.0,5,5,45.5,4.8,2.42,0,0,0.0,40.0,2,0,33.3,5,1,1,53.5,0,0,5,,47.9,0.0,0,0,0,0,0,1,20.0,12,2.4
Ryan Mallett,6226,QB,BLT,1,9,9,,0,0,0.0,,,0,0,,,0,0,,0,0,0,,0,0,0,,0.0,,0,0,0,0,0,0,,0,,,0,0,0.0,,,0,0,,,0,0,,0,0,0,,0,0,0,,0.0,,0,0,0,0,0,0,,0,,,0,0,0.0,,,0,0,,,0,0,,0,0,0,,0,0,0,,0.0,,0,0,0,0,0,0,,0,,,0,0,0.0,,,0,0,,,0,0,,0,0,0,,0,0,0,,0.0,,0,0,0,0,0,0,,0,,50.0,2,2,22.2,5.0,2.35,0,0,0.0,50.0,1,0,0.0,2,0,1,56.6,0,0,2,,60.4,0.0,0,0,0,0,0,0,0.0,8,4.0,0,0.0,1,1,11.1,27.0,2.2,0,0,0.0,0.0,0,1,,1,0,0,45.9,0,0,3,0.0,39.6,0.0,0,0,0,0,0,0,0.0,0,0.0,3,,0,0,0.0,,,0,0,,,0,0,,0,0,0,,0,0,0,,0.0,,0,0,0,0,0,0,,0,,,0,0,0.0,,,0,0,0.0,,0,0,,0,0,0,52.1,0,0,2,,0.0,,0,0,0,0,0,0,0.0,0,,0.0,1,1,11.1,11.0,2.1,0,0,0.0,0.0,0,1,,1,0,0,55.1,0,0,1,0.0,39.6,0.0,0,0,0,0,0,0,0.0,0,0.0,,0,0,0.0,,,0,0,,,0,0,,0,0,0,,0,0,0,,0.0,,0,0,0,0,0,0,,0,,0.0,1,1,11.1,11.0,2.1,0,0,0.0,0.0,0,1,,1,0,0,55.1,0,0,1,0.0,39.6,0.0,0,0,0,0,0,0,0.0,0,0.0,0,,0,0,0.0,,,0,0,,,0,0,,0,0,0,,0,0,0,,0.0,,0,0,0,0,0,0,,0,,0.0,1,1,11.1,27.0,2.2,0,0,0.0,0.0,0,1,,1,0,0,50.5,0,0,1,0.0,39.6,0.0,0,0,0,0,0,0,0.0,0,0.0,,0,0,0.0,,,0,0,,,0,0,,0,0,0,,0,0,0,,0.0,,0,0,0,0,0,0,,0,,100.0,5,5,55.6,3.2,2.16,0,0,0.0,100.0,5,0,0.0,5,0,2,63.5,0,0,5,,129.6,0.0,0,0,0,0,1,0,0.0,28,5.6,85.7,7,7,77.8,3.7,2.21,0,0,0.0,85.7,6,0,0.0,7,0,3,60.6,0,0,7,,127.7,0.0,0,0,0,0,1,0,0.0,36,5.1
Derek Anderson,2430,QB,CAR,1,7,7,,0,0,0.0,,,0,0,,,0,0,,0,0,0,,0,0,0,,0.0,,0,0,0,0,0,0,,0,,,0,0,0.0,,,0,0,,,0,0,,0,0,0,,0,0,0,,0.0,,0,0,0,0,0,0,,0,,,0,0,0.0,,,0,0,,,0,0,,0,0,0,,0,0,0,,0.0,,0,0,0,0,0,0,,0,,0.0,1,1,14.3,13.0,1.7,0,0,0.0,0.0,0,0,,1,0,0,54.9,0,0,1,,39.6,0.0,0,0,0,0,0,0,0.0,0,0.0,100.0,2,2,28.6,4.0,2.3,0,0,0.0,50.0,1,0,50.0,2,1,1,55.3,0,0,2,,60.4,0.0,0,0,0,0,0,0,0.0,8,4.0,0,0.0,2,2,28.6,23.0,2.6,0,0,0.0,0.0,0,0,,2,0,0,48.4,0,0,2,,39.6,0.0,0,0,0,0,0,0,0.0,0,0.0,5,,0,0,0.0,,,0,0,,,0,0,,0,0,0,,0,0,0,,0.0,,0,0,0,0,0,0,,0,,0.0,1,1,14.3,22.0,2.5,0,0,0.0,0.0,0,0,,1,0,0,58.1,0,0,1,,39.6,0.0,0,0,0,0,0,0,0.0,0,0.0,0.0,1,1,14.3,13.0,2.2,0,0,0.0,0.0,0,0,,1,0,0,46.4,0,0,1,,39.6,0.0,0,0,0,0,0,0,0.0,0,0.0,100.0,1,1,14.3,8.0,1.5,0,0,0.0,100.0,1,0,0.0,1,0,0,60.5,0,0,1,,104.2,0.0,0,0,0,0,0,0,0.0,9,9.0,0.0,2,2,28.6,13.0,1.95,0,0,0.0,0.0,0,0,,2,0,0,42.8,0,0,2,,39.6,0.0,0,0,0,0,0,0,0.0,0,0.0,0,,0,0,0.0,,,0,0,,,0,0,,0,0,0,,0,0,0,,0.0,,0,0,0,0,0,0,,0,,0.0,1,1,14.3,24.0,2.7,0,0,0.0,0.0,0,0,,1,0,0,49.2,0,0,1,,39.6,0.0,0,0,0,0,0,0,0.0,0,0.0,,0,0,0.0,,,0,0,,,0,0,,0,0,0,,0,0,0,,0.0,,0,0,0,0,0,0,,0,,,0,0,0.0,,,0,0,,,0,0,,0,0,0,,0,0,0,,0.0,,0,0,0,0,0,0,,0,,100.0,3,3,42.9,5.3,2.03,0,0,0.0,66.7,2,0,33.3,3,1,1,56.3,0,0,3,,81.3,0.0,0,0,0,0,0,0,0.0,17,5.7
Chad Henne,4371,QB,JAX,1,2,2,,0,0,0.0,,,0,0,,,0,0,,0,0,0,,0,0,0,,0.0,,0,0,0,0,0,0,,0,,,0,0,0.0,,,0,0,,,0,0,,0,0,0,,0,0,0,,0.0,,0,0,0,0,0,0,,0,,,0,0,0.0,,,0,0,,,0,0,,0,0,0,,0,0,0,,0.0,,0,0,0,0,0,0,,0,,,0,0,0.0,,,0,0,,,0,0,,0,0,0,,0,0,0,,0.0,,0,0,0,0,0,0,,0,,,0,0,0.0,,,0,0,,,0,0,,0,0,0,,0,0,0,,0.0,,0,0,0,0,0,0,,0,,0,,0,0,0.0,,,0,0,,,0,0,,0,0,0,,0,0,0,,0.0,,0,0,0,0,0,0,,0,,15,,0,0,0.0,,,0,0,,,0,0,,0,0,0,,0,0,0,,0.0,,0,0,0,0,0,0,,0,,,0,0,0.0,,,0,0,,,0,0,,0,0,0,,0,0,0,,0.0,,0,0,0,0,0,0,,0,,,0,0,0.0,,,0,0,,,0,0,,0,0,0,,0,0,0,,0.0,,0,0,0,0,0,0,,0,,,0,0,0.0,,,0,0,,,0,0,,0,0,0,,0,0,0,,0.0,,0,0,0,0,0,0,,0,,,0,0,0.0,,,0,0,,,0,0,,0,0,0,,0,0,0,,0.0,,0,0,0,0,0,0,,0,,0,,0,0,0.0,,,0,0,,,0,0,,0,0,0,,0,0,0,,0.0,,0,0,0,0,0,0,,0,,,0,0,0.0,,,0,0,,,0,0,,0,0,0,,0,0,0,,0.0,,0,0,0,0,0,0,,0,,,0,0,0.0,,,0,0,,,0,0,,0,0,0,,0,0,0,,0.0,,0,0,0,0,0,0,,0,,0.0,1,1,50.0,4.0,3.2,0,0,0.0,0.0,0,0,,1,0,0,59.3,0,0,1,,39.6,0.0,0,0,0,0,0,1,100.0,0,0.0,0.0,1,1,50.0,4.0,3.2,0,0,0.0,0.0,0,0,,1,0,0,59.3,0,0,1,,39.6,0.0,0,0,0,0,0,1,100.0,0,0.0
Matt Haack,12212,P,MIA,1,1,1,,0,0,0.0,,,0,0,,,0,0,,0,0,0,,0,0,0,,0.0,,0,0,0,0,0,0,,0,,,0,0,0.0,,,0,0,,,0,0,,0,0,0,,0,0,0,,0.0,,0,0,0,0,0,0,,0,,,0,0,0.0,,,0,0,,,0,0,,0,0,0,,0,0,0,,0.0,,0,0,0,0,0,0,,0,,,0,0,0.0,,,0,0,,,0,0,,0,0,0,,0,0,0,,0.0,,0,0,0,0,0,0,,0,,,0,0,0.0,,,0,0,,,0,0,,0,0,0,,0,0,0,,0.0,,0,0,0,0,0,0,,0,,0,0.0,1,1,100.0,21.0,2.7,0,0,0.0,0.0,0,0,,1,0,0,55.2,0,1,1,,0.0,0.0,0,0,0,0,0,0,0.0,0,0.0,17,,0,0,0.0,,,0,0,,,0,0,,0,0,0,,0,0,0,,0.0,,0,0,0,0,0,0,,0,,,0,0,0.0,,,0,0,,,0,0,,0,0,0,,0,0,0,,0.0,,0,0,0,0,0,0,,0,,,0,0,0.0,,,0,0,,,0,0,,0,0,0,,0,0,0,,0.0,,0,0,0,0,0,0,,0,,,0,0,0.0,,,0,0,,,0,0,,0,0,0,,0,0,0,,0.0,,0,0,0,0,0,0,,0,,,0,0,0.0,,,0,0,,,0,0,,0,0,0,,0,0,0,,0.0,,0,0,0,0,0,0,,0,,0,,0,0,0.0,,,0,0,,,0,0,,0,0,0,,0,0,0,,0.0,,0,0,0,0,0,0,,0,,0.0,1,1,100.0,21.0,2.7,0,0,0.0,0.0,0,0,,1,0,0,55.2,0,1,1,,0.0,0.0,0,0,0,0,0,0,0.0,0,0.0,,0,0,0.0,,,0,0,,,0,0,,0,0,0,,0,0,0,,0.0,,0,0,0,0,0,0,,0,,,0,0,0.0,,,0,0,,,0,0,,0,0,0,,0,0,0,,0.0,,0,0,0,0,0,0,,0,,,0,0,0.0,,,0,0,,,0,0,,0,0,0,,0,0,0,,0.0,,0,0,0,0,0,0,,0,
Ryan Quigley,7573,P,MIN,1,1,1,,0,0,0.0,,,0,0,,,0,0,,0,0,0,,0,0,0,,0.0,,0,0,0,0,0,0,,0,,,0,0,0.0,,,0,0,,,0,0,,0,0,0,,0,0,0,,0.0,,0,0,0,0,0,0,,0,,,0,0,0.0,,,0,0,,,0,0,,0,0,0,,0,0,0,,0.0,,0,0,0,0,0,0,,0,,,0,0,0.0,,,0,0,,,0,0,,0,0,0,,0,0,0,,0.0,,0,0,0,0,0,0,,0,,,0,0,0.0,,,0,0,,,0,0,,0,0,0,,0,0,0,,0.0,,0,0,0,0,0,0,,0,,0,,0,0,0.0,,,0,0,,,0,0,,0,0,0,,0,0,0,,0.0,,0,0,0,0,0,0,,0,,18,,0,0,0.0,,,0,0,,,0,0,,0,0,0,,0,0,0,,0.0,,0,0,0,0,0,0,,0,,,0,0,0.0,,,0,0,,,0,0,,0,0,0,,0,0,0,,0.0,,0,0,0,0,0,0,,0,,,0,0,0.0,,,0,0,,,0,0,,0,0,0,,0,0,0,,0.0,,0,0,0,0,0,0,,0,,,0,0,0.0,,,0,0,,,0,0,,0,0,0,,0,0,0,,0.0,,0,0,0,0,0,0,,0,,,0,0,0.0,,,0,0,,,0,0,,0,0,0,,0,0,0,,0.0,,0,0,0,0,0,0,,0,,0,,0,0,0.0,,,0,0,,,0,0,,0,0,0,,0,0,0,,0.0,,0,0,0,0,0,0,,0,,,0,0,0.0,,,0,0,,,0,0,,0,0,0,,0,0,0,,0.0,,0,0,0,0,0,0,,0,,,0,0,0.0,,,0,0,,,0,0,,0,0,0,,0,0,0,,0.0,,0,0,0,0,0,0,,0,,0.0,1,1,100.0,1.0,2.1,0,0,0.0,0.0,0,1,,1,0,0,60.3,0,0,1,0.0,39.6,0.0,0,0,0,0,0,0,0.0,0,0.0,0.0,1,1,100.0,1.0,2.1,0,0,0.0,0.0,0,1,,1,0,0,60.3,0,0,1,0.0,39.6,0.0,0,0,0,0,0,0,0.0,0,0.0
Johnny Hekker,7252,P,LA,1,1,1,,0,0,0.0,,,0,0,,,0,0,,0,0,0,,0,0,0,,0.0,,0,0,0,0,0,0,,0,,,0,0,0.0,,,0,0,,,0,0,,0,0,0,,0,0,0,,0.0,,0,0,0,0,0,0,,0,,,0,0,0.0,,,0,0,,,0,0,,0,0,0,,0,0,0,,0.0,,0,0,0,0,0,0,,0,,,0,0,0.0,,,0,0,,,0,0,,0,0,0,,0,0,0,,0.0,,0,0,0,0,0,0,,0,,,0,0,0.0,,,0,0,,,0,0,,0,0,0,,0,0,0,,0.0,,0,0,0,0,0,0,,0,,0,,0,0,0.0,,,0,0,,,0,0,,0,0,0,,0,0,0,,0.0,,0,0,0,0,0,0,,0,,26,,0,0,0.0,,,0,0,,,0,0,,0,0,0,,0,0,0,,0.0,,0,0,0,0,0,0,,0,,,0,0,0.0,,,0,0,,,0,0,,0,0,0,,0,0,0,,0.0,,0,0,0,0,0,0,,0,,,0,0,0.0,,,0,0,,,0,0,,0,0,0,,0,0,0,,0.0,,0,0,0,0,0,0,,0,,100.0,1,1,100.0,6.0,2.3,0,0,0.0,100.0,1,0,0.0,1,0,1,67.2,0,0,1,,118.8,0.0,0,0,0,0,0,0,0.0,28,28.0,,0,0,0.0,,,0,0,,,0,0,,0,0,0,,0,0,0,,0.0,,0,0,0,0,0,0,,0,,0,,0,0,0.0,,,0,0,,,0,0,,0,0,0,,0,0,0,,0.0,,0,0,0,0,0,0,,0,,,0,0,0.0,,,0,0,,,0,0,,0,0,0,,0,0,0,,0.0,,0,0,0,0,0,0,,0,,,0,0,0.0,,,0,0,,,0,0,,0,0,0,,0,0,0,,0.0,,0,0,0,0,0,0,,0,,,0,0,0.0,,,0,0,,,0,0,,0,0,0,,0,0,0,,0.0,,0,0,0,0,0,0,,0,,100.0,1,1,100.0,6.0,2.3,0,0,0.0,100.0,1,0,0.0,1,0,1,67.2,0,0,1,,118.8,0.0,0,0,0,0,0,0,0.0,28,28.0
Sean Mannion,9522,QB,LA,1,1,1,,0,0,0.0,,,0,0,,,0,0,,0,0,0,,0,0,0,,0.0,,0,0,0,0,0,0,,0,,,0,0,0.0,,,0,0,,,0,0,,0,0,0,,0,0,0,,0.0,,0,0,0,0,0,0,,0,,,0,0,0.0,,,0,0,,,0,0,,0,0,0,,0,0,0,,0.0,,0,0,0,0,0,0,,0,,,0,0,0.0,,,0,0,,,0,0,,0,0,0,,0,0,0,,0.0,,0,0,0,0,0,0,,0,,100.0,1,1,100.0,2.0,2.9,0,0,0.0,100.0,1,0,0.0,1,0,1,60.0,0,0,1,,116.7,0.0,0,0,0,0,0,0,0.0,12,12.0,0,,0,0,0.0,,,0,0,,,0,0,,0,0,0,,0,0,0,,0.0,,0,0,0,0,0,0,,0,,26,,0,0,0.0,,,0,0,,,0,0,,0,0,0,,0,0,0,,0.0,,0,0,0,0,0,0,,0,,,0,0,0.0,,,0,0,,,0,0,,0,0,0,,0,0,0,,0.0,,0,0,0,0,0,0,,0,,,0,0,0.0,,,0,0,,,0,0,,0,0,0,,0,0,0,,0.0,,0,0,0,0,0,0,,0,,,0,0,0.0,,,0,0,,,0,0,,0,0,0,,0,0,0,,0.0,,0,0,0,0,0,0,,0,,,0,0,0.0,,,0,0,,,0,0,,0,0,0,,0,0,0,,0.0,,0,0,0,0,0,0,,0,,0,,0,0,0.0,,,0,0,,,0,0,,0,0,0,,0,0,0,,0.0,,0,0,0,0,0,0,,0,,,0,0,0.0,,,0,0,,,0,0,,0,0,0,,0,0,0,,0.0,,0,0,0,0,0,0,,0,,,0,0,0.0,,,0,0,,,0,0,,0,0,0,,0,0,0,,0.0,,0,0,0,0,0,0,,0,,,0,0,0.0,,,0,0,,,0,0,,0,0,0,,0,0,0,,0.0,,0,0,0,0,0,0,,0,,100.0,1,1,100.0,2.0,2.9,0,0,0.0,100.0,1,0,0.0,1,0,1,60.0,0,0,1,,116.7,0.0,0,0,0,0,0,0,0.0,12,12.0
Ryan Fitzpatrick,2467,QB,TB,1,1,1,,0,0,0.0,,,0,0,,,0,0,,0,0,0,,0,0,0,,0.0,,0,0,0,0,0,0,,0,,,0,0,0.0,,,0,0,,,0,0,,0,0,0,,0,0,0,,0.0,,0,0,0,0,0,0,,0,,,0,0,0.0,,,0,0,,,0,0,,0,0,0,,0,0,0,,0.0,,0,0,0,0,0,0,,0,,,0,0,0.0,,,0,0,,,0,0,,0,0,0,,0,0,0,,0.0,,0,0,0,0,0,0,,0,,,0,0,0.0,,,0,0,,,0,0,,0,0,0,,0,0,0,,0.0,,0,0,0,0,0,0,,0,,0,,0,0,0.0,,,0,0,,,0,0,,0,0,0,,0,0,0,,0.0,,0,0,0,0,0,0,,0,,30,,0,0,0.0,,,0,0,,,0,0,,0,0,0,,0,0,0,,0.0,,0,0,0,0,0,0,,0,,,0,0,0.0,,,0,0,,,0,0,,0,0,0,,0,0,0,,0.0,,0,0,0,0,0,0,,0,,0.0,1,1,100.0,10.0,2.5,0,0,0.0,0.0,0,0,,1,0,0,47.5,0,0,1,,39.6,0.0,0,0,0,0,0,0,0.0,0,0.0,,0,0,0.0,,,0,0,,,0,0,,0,0,0,,0,0,0,,0.0,,0,0,0,0,0,0,,0,,0.0,1,1,100.0,10.0,2.5,0,0,0.0,0.0,0,0,,1,0,0,47.5,0,0,1,,39.6,0.0,0,0,0,0,0,0,0.0,0,0.0,0,,0,0,0.0,,,0,0,,,0,0,,0,0,0,,0,0,0,,0.0,,0,0,0,0,0,0,,0,,,0,0,0.0,,,0,0,,,0,0,,0,0,0,,0,0,0,,0.0,,0,0,0,0,0,0,,0,,,0,0,0.0,,,0,0,,,0,0,,0,0,0,,0,0,0,,0.0,,0,0,0,0,0,0,,0,,,0,0,0.0,,,0,0,,,0,0,,0,0,0,,0,0,0,,0.0,,0,0,0,0,0,0,,0,,,0,0,0.0,,,0,0,,,0,0,,0,0,0,,0,0,0,,0.0,,0,0,0,0,0,0,,0,
Jarvis Landry,8698,WR,MIA,1,1,1,,0,0,0.0,,,0,0,,,0,0,,0,0,0,,0,0,0,,0.0,,0,0,0,0,0,0,,0,,,0,0,0.0,,,0,0,,,0,0,,0,0,0,,0,0,0,,0.0,,0,0,0,0,0,0,,0,,,0,0,0.0,,,0,0,,,0,0,,0,0,0,,0,0,0,,0.0,,0,0,0,0,0,0,,0,,,0,0,0.0,,,0,0,,,0,0,,0,0,0,,0,0,0,,0.0,,0,0,0,0,0,0,,0,,,0,0,0.0,,,0,0,,,0,0,,0,0,0,,0,0,0,,0.0,,0,0,0,0,0,0,,0,,0,,0,0,0.0,,,0,0,,,0,0,,0,0,0,,0,0,0,,0.0,,0,0,0,0,0,0,,0,,17,,0,0,0.0,,,0,0,,,0,0,,0,0,0,,0,0,0,,0.0,,0,0,0,0,0,0,,0,,,0,0,0.0,,,0,0,,,0,0,,0,0,0,,0,0,0,,0.0,,0,0,0,0,0,0,,0,,0.0,1,1,100.0,14.0,4.9,0,0,0.0,0.0,0,1,,1,0,0,55.1,0,0,1,0.0,39.6,0.0,0,0,0,0,0,0,0.0,0,0.0,,0,0,0.0,,,0,0,,,0,0,,0,0,0,,0,0,0,,0.0,,0,0,0,0,0,0,,0,,0.0,1,1,100.0,14.0,4.9,0,0,0.0,0.0,0,1,,1,0,0,55.1,0,0,1,0.0,39.6,0.0,0,0,0,0,0,0,0.0,0,0.0,0,,0,0,0.0,,,0,0,,,0,0,,0,0,0,,0,0,0,,0.0,,0,0,0,0,0,0,,0,,,0,0,0.0,,,0,0,,,0,0,,0,0,0,,0,0,0,,0.0,,0,0,0,0,0,0,,0,,,0,0,0.0,,,0,0,,,0,0,,0,0,0,,0,0,0,,0.0,,0,0,0,0,0,0,,0,,,0,0,0.0,,,0,0,,,0,0,,0,0,0,,0,0,0,,0.0,,0,0,0,0,0,0,,0,,,0,0,0.0,,,0,0,,,0,0,,0,0,0,,0,0,0,,0.0,,0,0,0,0,0,0,,0,
